"Institution ID","Institution","Game Date","Opponent ID","Opponent Name","Score For","Score Against","Location"
"5","Akron","09/03/11","518","Ohio St.","0","42","Away"
"5","Akron","09/10/11","690","Temple","3","41","Home"
"5","Akron","09/17/11","140","Cincinnati","14","59","Away"
"5","Akron","09/24/11","741","VMI","36","13","Home"
"5","Akron","10/01/11","204","Eastern Mich.","23","31","Away"
"5","Akron","10/08/11","231","FIU","17","27","Home"
"5","Akron","10/22/11","519","Ohio","20","37","Home"
"5","Akron","10/29/11","129","Central Mich.","22","23","Home"
"5","Akron","11/03/11","414","Miami (OH)","3","35","Away"
"5","Akron","11/12/11","331","Kent St.","3","35","Home"
"5","Akron","11/19/11","86","Buffalo","10","51","Away"
"5","Akron","11/25/11","774","Western Mich.","19","68","Away"
"8","Alabama","09/03/11","331","Kent St.","48","7","Home"
"8","Alabama","09/10/11","539","Penn St.","27","11","Away"
"8","Alabama","09/17/11","497","North Texas","41","0","Home"
"8","Alabama","09/24/11","31","Arkansas","38","14","Home"
"8","Alabama","10/01/11","235","Florida","38","10","Away"
"8","Alabama","10/08/11","736","Vanderbilt","34","0","Home"
"8","Alabama","10/15/11","433","Ole Miss","52","7","Away"
"8","Alabama","10/22/11","694","Tennessee","37","6","Home"
"8","Alabama","11/05/11","365","LSU","6","9","Home"
"8","Alabama","11/12/11","430","Mississippi St.","24","7","Away"
"8","Alabama","11/19/11","253","Ga. Southern","45","21","Home"
"8","Alabama","11/26/11","37","Auburn","42","14","Away"
"9","UAB","09/10/11","235","Florida","0","39","Away"
"9","UAB","09/17/11","718","Tulane","10","49","Home"
"9","UAB","09/24/11","196","East Carolina","23","28","Away"
"9","UAB","10/01/11","716","Troy","23","24","Away"
"9","UAB","10/08/11","430","Mississippi St.","3","21","Home"
"9","UAB","10/15/11","719","Tulsa","20","37","Away"
"9","UAB","10/20/11","128","UCF","26","24","Home"
"9","UAB","10/29/11","388","Marshall","14","59","Away"
"9","UAB","11/05/11","288","Houston","13","56","Home"
"9","UAB","11/12/11","404","Memphis","41","35","Away"
"9","UAB","11/17/11","664","Southern Miss.","34","31","Home"
"9","UAB","11/26/11","229","Fla. Atlantic","35","38","Away"
"28","Arizona St.","09/01/11","108","UC Davis","48","14","Home"
"28","Arizona St.","09/09/11","434","Missouri","37","30","Home"
"28","Arizona St.","09/17/11","301","Illinois","14","17","Away"
"28","Arizona St.","09/24/11","657","Southern California","43","22","Home"
"28","Arizona St.","10/01/11","528","Oregon St.","35","20","Home"
"28","Arizona St.","10/08/11","732","Utah","35","14","Away"
"28","Arizona St.","10/15/11","529","Oregon","27","41","Away"
"28","Arizona St.","10/29/11","157","Colorado","48","14","Home"
"28","Arizona St.","11/05/11","110","UCLA","28","29","Away"
"28","Arizona St.","11/12/11","754","Washington St.","27","37","Away"
"28","Arizona St.","11/19/11","29","Arizona","27","31","Home"
"28","Arizona St.","11/25/11","107","California","38","47","Home"
"29","Arizona","09/03/11","501","Northern Ariz.","41","10","Home"
"29","Arizona","09/08/11","521","Oklahoma St.","14","37","Away"
"29","Arizona","09/17/11","674","Stanford","10","37","Home"
"29","Arizona","09/24/11","529","Oregon","31","56","Home"
"29","Arizona","10/01/11","657","Southern California","41","48","Away"
"29","Arizona","10/08/11","528","Oregon St.","27","37","Away"
"29","Arizona","10/20/11","110","UCLA","48","12","Home"
"29","Arizona","10/29/11","756","Washington","31","42","Away"
"29","Arizona","11/05/11","732","Utah","21","34","Home"
"29","Arizona","11/12/11","157","Colorado","29","48","Away"
"29","Arizona","11/19/11","28","Arizona St.","31","27","Away"
"29","Arizona","11/26/11","671","La.-Lafayette","45","37","Home"
"30","Arkansas St.","09/03/11","301","Illinois","15","33","Away"
"30","Arkansas St.","09/10/11","404","Memphis","47","3","Home"
"30","Arkansas St.","09/17/11","742","Virginia Tech","7","26","Away"
"30","Arkansas St.","09/24/11","1004","Central Ark.","53","24","Home"
"30","Arkansas St.","10/01/11","772","Western Ky.","26","22","Away"
"30","Arkansas St.","10/08/11","498","La.-Monroe","24","19","Away"
"30","Arkansas St.","10/18/11","231","FIU","34","16","Home"
"30","Arkansas St.","10/29/11","497","North Texas","37","14","Home"
"30","Arkansas St.","11/05/11","229","Fla. Atlantic","39","21","Away"
"30","Arkansas St.","11/12/11","671","La.-Lafayette","30","21","Home"
"30","Arkansas St.","11/19/11","419","Middle Tenn.","45","19","Away"
"30","Arkansas St.","12/03/11","716","Troy","","","Home"
"31","Arkansas","09/03/11","669","Missouri St.","51","7","Home"
"31","Arkansas","09/10/11","473","New Mexico","52","3","Home"
"31","Arkansas","09/17/11","716","Troy","38","28","Home"
"31","Arkansas","09/24/11","8","Alabama","14","38","Away"
"31","Arkansas","10/01/11","697","Texas A&M","42","38","Neutral Site"
"31","Arkansas","10/08/11","37","Auburn","38","14","Home"
"31","Arkansas","10/22/11","433","Ole Miss","29","24","Away"
"31","Arkansas","10/29/11","736","Vanderbilt","31","28","Away"
"31","Arkansas","11/05/11","648","South Carolina","44","28","Home"
"31","Arkansas","11/12/11","694","Tennessee","49","7","Home"
"31","Arkansas","11/19/11","430","Mississippi St.","44","17","Home"
"31","Arkansas","11/25/11","365","LSU","17","41","Away"
"37","Auburn","09/03/11","731","Utah St.","42","38","Home"
"37","Auburn","09/10/11","430","Mississippi St.","41","34","Home"
"37","Auburn","09/17/11","147","Clemson","24","38","Away"
"37","Auburn","09/24/11","229","Fla. Atlantic","30","14","Home"
"37","Auburn","10/01/11","648","South Carolina","16","13","Away"
"37","Auburn","10/08/11","31","Arkansas","14","38","Away"
"37","Auburn","10/15/11","235","Florida","17","6","Home"
"37","Auburn","10/22/11","365","LSU","10","45","Away"
"37","Auburn","10/29/11","433","Ole Miss","41","23","Home"
"37","Auburn","11/12/11","257","Georgia","7","45","Away"
"37","Auburn","11/19/11","625","Samford","35","16","Home"
"37","Auburn","11/26/11","8","Alabama","14","42","Home"
"47","Ball St.","09/03/11","306","Indiana","27","20","Home"
"47","Ball St.","09/10/11","651","South Fla.","7","37","Away"
"47","Ball St.","09/17/11","86","Buffalo","28","25","Home"
"47","Ball St.","09/24/11","725","Army","48","21","Home"
"47","Ball St.","10/01/11","522","Oklahoma","6","62","Away"
"47","Ball St.","10/08/11","690","Temple","0","42","Home"
"47","Ball St.","10/15/11","519","Ohio","23","20","Away"
"47","Ball St.","10/22/11","129","Central Mich.","31","27","Home"
"47","Ball St.","10/29/11","774","Western Mich.","35","45","Away"
"47","Ball St.","11/05/11","204","Eastern Mich.","33","31","Away"
"47","Ball St.","11/15/11","503","Northern Ill.","38","41","Away"
"47","Ball St.","11/25/11","709","Toledo","28","45","Home"
"51","Baylor","09/02/11","698","TCU","50","48","Home"
"51","Baylor","09/17/11","676","Stephen F. Austin","48","0","Home"
"51","Baylor","09/24/11","574","Rice","56","31","Home"
"51","Baylor","10/01/11","327","Kansas St.","35","36","Away"
"51","Baylor","10/08/11","311","Iowa St.","49","26","Home"
"51","Baylor","10/15/11","697","Texas A&M","28","55","Away"
"51","Baylor","10/29/11","521","Oklahoma St.","24","59","Away"
"51","Baylor","11/05/11","434","Missouri","42","39","Home"
"51","Baylor","11/12/11","328","Kansas","31","30","Away"
"51","Baylor","11/19/11","522","Oklahoma","45","38","Home"
"51","Baylor","11/26/11","700","Texas Tech","66","42","Neutral Site"
"51","Baylor","12/03/11","703","Texas","","","Home"
"66","Boise St.","09/03/11","257","Georgia","35","21","Neutral Site"
"66","Boise St.","09/16/11","709","Toledo","40","15","Away"
"66","Boise St.","09/24/11","719","Tulsa","41","21","Home"
"66","Boise St.","10/01/11","466","Nevada","30","10","Home"
"66","Boise St.","10/07/11","96","Fresno St.","57","7","Away"
"66","Boise St.","10/15/11","156","Colorado St.","63","13","Away"
"66","Boise St.","10/22/11","721","Air Force","37","26","Home"
"66","Boise St.","11/05/11","465","UNLV","48","21","Away"
"66","Boise St.","11/12/11","698","TCU","35","36","Home"
"66","Boise St.","11/19/11","626","San Diego St.","52","35","Away"
"66","Boise St.","11/26/11","811","Wyoming","36","14","Home"
"66","Boise St.","12/03/11","473","New Mexico","","","Home"
"67","Boston College","09/03/11","509","Northwestern","17","24","Home"
"67","Boston College","09/10/11","128","UCF","3","30","Away"
"67","Boston College","09/17/11","193","Duke","19","20","Home"
"67","Boston College","09/24/11","400","Massachusetts","45","17","Home"
"67","Boston College","10/01/11","749","Wake Forest","19","27","Home"
"67","Boston College","10/08/11","147","Clemson","14","36","Away"
"67","Boston College","10/22/11","742","Virginia Tech","14","30","Away"
"67","Boston College","10/29/11","392","Maryland","28","17","Away"
"67","Boston College","11/03/11","234","Florida St.","7","38","Home"
"67","Boston College","11/12/11","490","North Carolina St.","14","10","Home"
"67","Boston College","11/19/11","513","Notre Dame","14","16","Away"
"67","Boston College","11/25/11","415","Miami (FL)","24","17","Away"
"71","Bowling Green","09/01/11","295","Idaho","32","15","Away"
"71","Bowling Green","09/10/11","446","Morgan St.","58","13","Home"
"71","Bowling Green","09/17/11","811","Wyoming","27","28","Home"
"71","Bowling Green","09/24/11","414","Miami (OH)","37","23","Away"
"71","Bowling Green","10/01/11","768","West Virginia","10","55","Away"
"71","Bowling Green","10/08/11","774","Western Mich.","21","45","Away"
"71","Bowling Green","10/15/11","709","Toledo","21","28","Home"
"71","Bowling Green","10/22/11","690","Temple","13","10","Home"
"71","Bowling Green","10/29/11","331","Kent St.","15","27","Away"
"71","Bowling Green","11/08/11","503","Northern Ill.","14","45","Home"
"71","Bowling Green","11/16/11","519","Ohio","28","29","Home"
"71","Bowling Green","11/25/11","86","Buffalo","42","28","Away"
"77","BYU","09/03/11","433","Ole Miss","14","13","Away"
"77","BYU","09/10/11","703","Texas","16","17","Away"
"77","BYU","09/17/11","732","Utah","10","54","Home"
"77","BYU","09/23/11","128","UCF","24","17","Home"
"77","BYU","09/30/11","731","Utah St.","27","24","Home"
"77","BYU","10/08/11","630","San Jose St.","29","16","Home"
"77","BYU","10/15/11","528","Oregon St.","38","28","Away"
"77","BYU","10/22/11","294","Idaho St.","56","3","Home"
"77","BYU","10/28/11","698","TCU","28","38","Neutral Site"
"77","BYU","11/12/11","295","Idaho","42","7","Home"
"77","BYU","11/19/11","472","New Mexico St.","42","7","Home"
"77","BYU","12/03/11","277","Hawaii","","","Away"
"86","Buffalo","09/03/11","545","Pittsburgh","16","35","Away"
"86","Buffalo","09/10/11","683","Stony Brook","35","7","Home"
"86","Buffalo","09/17/11","47","Ball St.","25","28","Away"
"86","Buffalo","09/24/11","164","Connecticut","3","17","Home"
"86","Buffalo","10/01/11","694","Tennessee","10","41","Away"
"86","Buffalo","10/08/11","519","Ohio","38","37","Home"
"86","Buffalo","10/15/11","690","Temple","0","34","Away"
"86","Buffalo","10/22/11","503","Northern Ill.","30","31","Home"
"86","Buffalo","10/29/11","414","Miami (OH)","13","41","Away"
"86","Buffalo","11/12/11","204","Eastern Mich.","17","30","Away"
"86","Buffalo","11/19/11","5","Akron","51","10","Home"
"86","Buffalo","11/25/11","71","Bowling Green","28","42","Home"
"96","Fresno St.","09/03/11","107","California","21","36","Neutral Site"
"96","Fresno St.","09/10/11","463","Nebraska","29","42","Away"
"96","Fresno St.","09/17/11","494","North Dakota","27","22","Home"
"96","Fresno St.","09/24/11","295","Idaho","48","24","Away"
"96","Fresno St.","10/01/11","433","Ole Miss","28","38","Home"
"96","Fresno St.","10/07/11","66","Boise St.","7","57","Home"
"96","Fresno St.","10/15/11","731","Utah St.","31","21","Home"
"96","Fresno St.","10/22/11","466","Nevada","38","45","Away"
"96","Fresno St.","11/05/11","366","Louisiana Tech","21","41","Home"
"96","Fresno St.","11/12/11","472","New Mexico St.","45","48","Away"
"96","Fresno St.","11/19/11","277","Hawaii","24","21","Away"
"96","Fresno St.","11/26/11","630","San Jose St.","24","27","Home"
"96","Fresno St.","12/03/11","626","San Diego St.","","","Away"
"107","California","09/03/11","96","Fresno St.","36","21","Neutral Site"
"107","California","09/10/11","157","Colorado","36","33","Away"
"107","California","09/17/11","1320","Presbyterian","63","12","Home"
"107","California","09/24/11","756","Washington","23","31","Away"
"107","California","10/06/11","529","Oregon","15","43","Away"
"107","California","10/13/11","657","Southern California","9","30","Home"
"107","California","10/22/11","732","Utah","34","10","Home"
"107","California","10/29/11","110","UCLA","14","31","Away"
"107","California","11/05/11","754","Washington St.","30","7","Home"
"107","California","11/12/11","528","Oregon St.","23","6","Home"
"107","California","11/19/11","674","Stanford","28","31","Away"
"107","California","11/25/11","28","Arizona St.","47","38","Away"
"110","UCLA","09/03/11","288","Houston","34","38","Away"
"110","UCLA","09/10/11","630","San Jose St.","27","17","Home"
"110","UCLA","09/17/11","703","Texas","20","49","Home"
"110","UCLA","09/24/11","528","Oregon St.","27","19","Away"
"110","UCLA","10/01/11","674","Stanford","19","45","Away"
"110","UCLA","10/08/11","754","Washington St.","28","25","Home"
"110","UCLA","10/20/11","29","Arizona","12","48","Away"
"110","UCLA","10/29/11","107","California","31","14","Home"
"110","UCLA","11/05/11","28","Arizona St.","29","28","Home"
"110","UCLA","11/12/11","732","Utah","6","31","Away"
"110","UCLA","11/19/11","157","Colorado","45","6","Home"
"110","UCLA","11/26/11","657","Southern California","0","50","Away"
"128","UCF","09/03/11","48","Charleston So.","62","0","Home"
"128","UCF","09/10/11","67","Boston College","30","3","Home"
"128","UCF","09/17/11","231","FIU","10","17","Away"
"128","UCF","09/23/11","77","BYU","17","24","Away"
"128","UCF","10/08/11","388","Marshall","16","6","Home"
"128","UCF","10/15/11","663","SMU","17","38","Away"
"128","UCF","10/20/11","9","UAB","24","26","Away"
"128","UCF","10/29/11","404","Memphis","41","0","Home"
"128","UCF","11/03/11","719","Tulsa","17","24","Home"
"128","UCF","11/12/11","664","Southern Miss.","29","30","Away"
"128","UCF","11/19/11","196","East Carolina","31","38","Away"
"128","UCF","11/25/11","704","UTEP","31","14","Home"
"129","Central Mich.","09/01/11","647","South Carolina St.","21","6","Home"
"129","Central Mich.","09/10/11","334","Kentucky","13","27","Away"
"129","Central Mich.","09/17/11","774","Western Mich.","14","44","Away"
"129","Central Mich.","09/24/11","416","Michigan St.","7","45","Away"
"129","Central Mich.","10/01/11","503","Northern Ill.","48","41","Home"
"129","Central Mich.","10/08/11","490","North Carolina St.","24","38","Away"
"129","Central Mich.","10/15/11","204","Eastern Mich.","28","35","Home"
"129","Central Mich.","10/22/11","47","Ball St.","27","31","Away"
"129","Central Mich.","10/29/11","5","Akron","23","22","Away"
"129","Central Mich.","11/04/11","331","Kent St.","21","24","Away"
"129","Central Mich.","11/10/11","519","Ohio","28","43","Home"
"129","Central Mich.","11/18/11","709","Toledo","17","44","Home"
"140","Cincinnati","09/03/11","43","Austin Peay","72","10","Home"
"140","Cincinnati","09/10/11","694","Tennessee","23","45","Away"
"140","Cincinnati","09/17/11","5","Akron","59","14","Home"
"140","Cincinnati","09/22/11","490","North Carolina St.","44","14","Home"
"140","Cincinnati","10/01/11","414","Miami (OH)","27","0","Away"
"140","Cincinnati","10/15/11","367","Louisville","25","16","Home"
"140","Cincinnati","10/22/11","651","South Fla.","37","34","Away"
"140","Cincinnati","11/05/11","545","Pittsburgh","26","23","Away"
"140","Cincinnati","11/12/11","768","West Virginia","21","24","Home"
"140","Cincinnati","11/19/11","587","Rutgers","3","20","Away"
"140","Cincinnati","11/26/11","688","Syracuse","30","13","Away"
"140","Cincinnati","12/03/11","164","Connecticut","","","Home"
"147","Clemson","09/03/11","716","Troy","43","19","Home"
"147","Clemson","09/10/11","2915","Wofford","35","27","Home"
"147","Clemson","09/17/11","37","Auburn","38","24","Home"
"147","Clemson","09/24/11","234","Florida St.","35","30","Home"
"147","Clemson","10/01/11","742","Virginia Tech","23","3","Away"
"147","Clemson","10/08/11","67","Boston College","36","14","Home"
"147","Clemson","10/15/11","392","Maryland","56","45","Away"
"147","Clemson","10/22/11","457","North Carolina","59","38","Home"
"147","Clemson","10/29/11","255","Georgia Tech","17","31","Away"
"147","Clemson","11/12/11","749","Wake Forest","31","28","Home"
"147","Clemson","11/19/11","490","North Carolina St.","13","37","Away"
"147","Clemson","11/26/11","648","South Carolina","13","34","Away"
"156","Colorado St.","09/03/11","473","New Mexico","14","10","Away"
"156","Colorado St.","09/10/11","502","Northern Colo.","33","14","Home"
"156","Colorado St.","09/17/11","157","Colorado","14","28","Neutral Site"
"156","Colorado St.","09/24/11","731","Utah St.","35","34","Away"
"156","Colorado St.","10/01/11","630","San Jose St.","31","38","Home"
"156","Colorado St.","10/15/11","66","Boise St.","13","63","Home"
"156","Colorado St.","10/22/11","704","UTEP","17","31","Away"
"156","Colorado St.","10/29/11","465","UNLV","35","38","Away"
"156","Colorado St.","11/12/11","626","San Diego St.","15","18","Home"
"156","Colorado St.","11/19/11","698","TCU","10","34","Away"
"156","Colorado St.","11/26/11","721","Air Force","21","45","Home"
"156","Colorado St.","12/03/11","811","Wyoming","","","Home"
"157","Colorado","09/03/11","277","Hawaii","17","34","Away"
"157","Colorado","09/10/11","107","California","33","36","Home"
"157","Colorado","09/17/11","156","Colorado St.","28","14","Neutral Site"
"157","Colorado","09/24/11","518","Ohio St.","17","37","Away"
"157","Colorado","10/01/11","754","Washington St.","27","31","Home"
"157","Colorado","10/08/11","674","Stanford","7","48","Away"
"157","Colorado","10/15/11","756","Washington","24","52","Away"
"157","Colorado","10/22/11","529","Oregon","2","45","Home"
"157","Colorado","10/29/11","28","Arizona St.","14","48","Away"
"157","Colorado","11/04/11","657","Southern California","17","42","Home"
"157","Colorado","11/12/11","29","Arizona","48","29","Home"
"157","Colorado","11/19/11","110","UCLA","6","45","Away"
"157","Colorado","11/25/11","732","Utah","17","14","Away"
"164","Connecticut","09/03/11","236","Fordham","35","3","Home"
"164","Connecticut","09/10/11","736","Vanderbilt","21","24","Away"
"164","Connecticut","09/16/11","311","Iowa St.","20","24","Home"
"164","Connecticut","09/24/11","86","Buffalo","17","3","Away"
"164","Connecticut","10/01/11","774","Western Mich.","31","38","Home"
"164","Connecticut","10/08/11","768","West Virginia","16","43","Away"
"164","Connecticut","10/15/11","651","South Fla.","16","10","Home"
"164","Connecticut","10/26/11","545","Pittsburgh","20","35","Away"
"164","Connecticut","11/05/11","688","Syracuse","28","21","Home"
"164","Connecticut","11/19/11","367","Louisville","20","34","Home"
"164","Connecticut","11/26/11","587","Rutgers","40","22","Home"
"164","Connecticut","12/03/11","140","Cincinnati","","","Away"
"193","Duke","09/03/11","575","Richmond","21","23","Home"
"193","Duke","09/10/11","674","Stanford","14","44","Home"
"193","Duke","09/17/11","67","Boston College","20","19","Away"
"193","Duke","09/24/11","718","Tulane","48","27","Home"
"193","Duke","10/01/11","231","FIU","31","27","Away"
"193","Duke","10/15/11","234","Florida St.","16","41","Home"
"193","Duke","10/22/11","749","Wake Forest","23","24","Home"
"193","Duke","10/29/11","742","Virginia Tech","10","14","Home"
"193","Duke","11/05/11","415","Miami (FL)","14","49","Away"
"193","Duke","11/12/11","746","Virginia","21","31","Away"
"193","Duke","11/19/11","255","Georgia Tech","31","38","Home"
"193","Duke","11/26/11","457","North Carolina","21","37","Away"
"196","East Carolina","09/03/11","648","South Carolina","37","56","Neutral Site"
"196","East Carolina","09/10/11","742","Virginia Tech","10","17","Home"
"196","East Carolina","09/24/11","9","UAB","28","23","Home"
"196","East Carolina","10/01/11","457","North Carolina","20","35","Home"
"196","East Carolina","10/08/11","288","Houston","3","56","Away"
"196","East Carolina","10/15/11","404","Memphis","35","17","Away"
"196","East Carolina","10/22/11","726","Navy","38","35","Away"
"196","East Carolina","10/29/11","718","Tulane","34","13","Home"
"196","East Carolina","11/05/11","664","Southern Miss.","28","48","Home"
"196","East Carolina","11/12/11","704","UTEP","17","22","Away"
"196","East Carolina","11/19/11","128","UCF","38","31","Home"
"196","East Carolina","11/26/11","388","Marshall","27","34","Away"
"204","Eastern Mich.","09/04/11","290","Howard","41","9","Home"
"204","Eastern Mich.","09/10/11","7","Alabama St.","14","7","Home"
"204","Eastern Mich.","09/17/11","418","Michigan","3","31","Away"
"204","Eastern Mich.","09/24/11","539","Penn St.","6","34","Away"
"204","Eastern Mich.","10/01/11","5","Akron","31","23","Home"
"204","Eastern Mich.","10/08/11","709","Toledo","16","54","Away"
"204","Eastern Mich.","10/15/11","129","Central Mich.","35","28","Away"
"204","Eastern Mich.","10/22/11","774","Western Mich.","14","10","Home"
"204","Eastern Mich.","11/05/11","47","Ball St.","31","33","Home"
"204","Eastern Mich.","11/12/11","86","Buffalo","30","17","Home"
"204","Eastern Mich.","11/19/11","331","Kent St.","22","28","Away"
"204","Eastern Mich.","11/25/11","503","Northern Ill.","12","18","Away"
"229","Fla. Atlantic","09/03/11","235","Florida","3","41","Away"
"229","Fla. Atlantic","09/10/11","416","Michigan St.","0","44","Away"
"229","Fla. Atlantic","09/24/11","37","Auburn","14","30","Away"
"229","Fla. Atlantic","10/01/11","671","La.-Lafayette","34","37","Away"
"229","Fla. Atlantic","10/08/11","497","North Texas","17","31","Away"
"229","Fla. Atlantic","10/15/11","772","Western Ky.","0","20","Home"
"229","Fla. Atlantic","10/22/11","419","Middle Tenn.","14","38","Home"
"229","Fla. Atlantic","11/05/11","30","Arkansas St.","21","39","Home"
"229","Fla. Atlantic","11/12/11","231","FIU","7","41","Away"
"229","Fla. Atlantic","11/19/11","716","Troy","7","34","Away"
"229","Fla. Atlantic","11/26/11","9","UAB","38","35","Home"
"229","Fla. Atlantic","12/03/11","498","La.-Monroe","","","Home"
"231","FIU","09/01/11","497","North Texas","41","16","Home"
"231","FIU","09/09/11","367","Louisville","24","17","Away"
"231","FIU","09/17/11","128","UCF","17","10","Home"
"231","FIU","09/24/11","671","La.-Lafayette","31","36","Home"
"231","FIU","10/01/11","193","Duke","27","31","Home"
"231","FIU","10/08/11","5","Akron","27","17","Away"
"231","FIU","10/18/11","30","Arkansas St.","16","34","Away"
"231","FIU","10/25/11","716","Troy","23","20","Home"
"231","FIU","11/05/11","772","Western Ky.","9","10","Away"
"231","FIU","11/12/11","229","Fla. Atlantic","41","7","Home"
"231","FIU","11/19/11","498","La.-Monroe","28","17","Away"
"231","FIU","11/26/11","419","Middle Tenn.","31","18","Away"
"234","Florida St.","09/03/11","498","La.-Monroe","34","0","Home"
"234","Florida St.","09/10/11","48","Charleston So.","62","10","Home"
"234","Florida St.","09/17/11","522","Oklahoma","13","23","Home"
"234","Florida St.","09/24/11","147","Clemson","30","35","Away"
"234","Florida St.","10/08/11","749","Wake Forest","30","35","Away"
"234","Florida St.","10/15/11","193","Duke","41","16","Away"
"234","Florida St.","10/22/11","392","Maryland","41","16","Home"
"234","Florida St.","10/29/11","490","North Carolina St.","34","0","Home"
"234","Florida St.","11/03/11","67","Boston College","38","7","Away"
"234","Florida St.","11/12/11","415","Miami (FL)","23","19","Home"
"234","Florida St.","11/19/11","746","Virginia","13","14","Home"
"234","Florida St.","11/26/11","235","Florida","21","7","Away"
"235","Florida","09/03/11","229","Fla. Atlantic","41","3","Home"
"235","Florida","09/10/11","9","UAB","39","0","Home"
"235","Florida","09/17/11","694","Tennessee","33","23","Home"
"235","Florida","09/24/11","334","Kentucky","48","10","Away"
"235","Florida","10/01/11","8","Alabama","10","38","Home"
"235","Florida","10/08/11","365","LSU","11","41","Away"
"235","Florida","10/15/11","37","Auburn","6","17","Away"
"235","Florida","10/29/11","257","Georgia","20","24","Neutral Site"
"235","Florida","11/05/11","736","Vanderbilt","26","21","Home"
"235","Florida","11/12/11","648","South Carolina","12","17","Away"
"235","Florida","11/19/11","244","Furman","54","32","Home"
"235","Florida","11/26/11","234","Florida St.","7","21","Home"
"255","Georgia Tech","09/01/11","769","Western Caro.","63","21","Home"
"255","Georgia Tech","09/10/11","419","Middle Tenn.","49","21","Away"
"255","Georgia Tech","09/17/11","328","Kansas","66","24","Home"
"255","Georgia Tech","09/24/11","457","North Carolina","35","28","Home"
"255","Georgia Tech","10/01/11","490","North Carolina St.","45","35","Away"
"255","Georgia Tech","10/08/11","392","Maryland","21","16","Home"
"255","Georgia Tech","10/15/11","746","Virginia","21","24","Away"
"255","Georgia Tech","10/22/11","415","Miami (FL)","7","24","Away"
"255","Georgia Tech","10/29/11","147","Clemson","31","17","Home"
"255","Georgia Tech","11/10/11","742","Virginia Tech","26","37","Home"
"255","Georgia Tech","11/19/11","193","Duke","38","31","Away"
"255","Georgia Tech","11/26/11","257","Georgia","17","31","Home"
"257","Georgia","09/03/11","66","Boise St.","21","35","Neutral Site"
"257","Georgia","09/10/11","648","South Carolina","42","45","Home"
"257","Georgia","09/17/11","149","Coastal Caro.","59","0","Home"
"257","Georgia","09/24/11","433","Ole Miss","27","13","Away"
"257","Georgia","10/01/11","430","Mississippi St.","24","10","Home"
"257","Georgia","10/08/11","694","Tennessee","20","12","Away"
"257","Georgia","10/15/11","736","Vanderbilt","33","28","Away"
"257","Georgia","10/29/11","235","Florida","24","20","Neutral Site"
"257","Georgia","11/05/11","472","New Mexico St.","63","16","Home"
"257","Georgia","11/12/11","37","Auburn","45","7","Home"
"257","Georgia","11/19/11","334","Kentucky","19","10","Home"
"257","Georgia","11/26/11","255","Georgia Tech","31","17","Away"
"277","Hawaii","09/03/11","157","Colorado","34","17","Home"
"277","Hawaii","09/10/11","756","Washington","32","40","Away"
"277","Hawaii","09/17/11","465","UNLV","20","40","Away"
"277","Hawaii","09/24/11","108","UC Davis","56","14","Home"
"277","Hawaii","10/01/11","366","Louisiana Tech","44","26","Away"
"277","Hawaii","10/14/11","630","San Jose St.","27","28","Away"
"277","Hawaii","10/22/11","472","New Mexico St.","45","34","Home"
"277","Hawaii","10/29/11","295","Idaho","16","14","Away"
"277","Hawaii","11/05/11","731","Utah St.","31","35","Home"
"277","Hawaii","11/12/11","466","Nevada","28","42","Away"
"277","Hawaii","11/19/11","96","Fresno St.","21","24","Home"
"277","Hawaii","11/26/11","718","Tulane","35","23","Home"
"277","Hawaii","12/03/11","77","BYU","","","Home"
"288","Houston","09/03/11","110","UCLA","38","34","Home"
"288","Houston","09/10/11","497","North Texas","48","23","Away"
"288","Houston","09/17/11","366","Louisiana Tech","35","34","Away"
"288","Houston","09/24/11","254","Georgia St.","56","0","Home"
"288","Houston","09/29/11","704","UTEP","49","42","Away"
"288","Houston","10/08/11","196","East Carolina","56","3","Home"
"288","Houston","10/22/11","388","Marshall","63","28","Home"
"288","Houston","10/27/11","574","Rice","73","34","Home"
"288","Houston","11/05/11","9","UAB","56","13","Away"
"288","Houston","11/10/11","718","Tulane","73","17","Away"
"288","Houston","11/19/11","663","SMU","37","7","Home"
"288","Houston","11/25/11","719","Tulsa","48","16","Away"
"295","Idaho","09/01/11","71","Bowling Green","15","32","Home"
"295","Idaho","09/10/11","494","North Dakota","44","14","Home"
"295","Idaho","09/17/11","697","Texas A&M","7","37","Away"
"295","Idaho","09/24/11","96","Fresno St.","24","48","Home"
"295","Idaho","10/01/11","746","Virginia","20","21","Away"
"295","Idaho","10/08/11","366","Louisiana Tech","11","24","Home"
"295","Idaho","10/15/11","472","New Mexico St.","24","31","Away"
"295","Idaho","10/29/11","277","Hawaii","14","16","Home"
"295","Idaho","11/05/11","630","San Jose St.","32","29","Away"
"295","Idaho","11/12/11","77","BYU","7","42","Away"
"295","Idaho","11/19/11","731","Utah St.","42","49","Home"
"295","Idaho","12/03/11","466","Nevada","","","Away"
"301","Illinois","09/03/11","30","Arkansas St.","33","15","Home"
"301","Illinois","09/10/11","649","South Dakota St.","56","3","Home"
"301","Illinois","09/17/11","28","Arizona St.","17","14","Home"
"301","Illinois","09/24/11","774","Western Mich.","23","20","Home"
"301","Illinois","10/01/11","509","Northwestern","38","35","Home"
"301","Illinois","10/08/11","306","Indiana","41","20","Away"
"301","Illinois","10/15/11","518","Ohio St.","7","17","Home"
"301","Illinois","10/22/11","559","Purdue","14","21","Away"
"301","Illinois","10/29/11","539","Penn St.","7","10","Away"
"301","Illinois","11/12/11","418","Michigan","14","31","Home"
"301","Illinois","11/19/11","796","Wisconsin","17","28","Home"
"301","Illinois","11/26/11","428","Minnesota","7","27","Away"
"306","Indiana","09/03/11","47","Ball St.","20","27","Neutral Site"
"306","Indiana","09/10/11","746","Virginia","31","34","Home"
"306","Indiana","09/17/11","647","South Carolina St.","38","21","Home"
"306","Indiana","09/24/11","497","North Texas","21","24","Away"
"306","Indiana","10/01/11","539","Penn St.","10","16","Home"
"306","Indiana","10/08/11","301","Illinois","20","41","Home"
"306","Indiana","10/15/11","796","Wisconsin","7","59","Away"
"306","Indiana","10/22/11","312","Iowa","24","45","Away"
"306","Indiana","10/29/11","509","Northwestern","38","59","Home"
"306","Indiana","11/05/11","518","Ohio St.","20","34","Away"
"306","Indiana","11/19/11","416","Michigan St.","3","55","Away"
"306","Indiana","11/26/11","559","Purdue","25","33","Home"
"311","Iowa St.","09/03/11","504","UNI","20","19","Home"
"311","Iowa St.","09/10/11","312","Iowa","44","41","Home"
"311","Iowa St.","09/16/11","164","Connecticut","24","20","Away"
"311","Iowa St.","10/01/11","703","Texas","14","37","Home"
"311","Iowa St.","10/08/11","51","Baylor","26","49","Away"
"311","Iowa St.","10/15/11","434","Missouri","17","52","Away"
"311","Iowa St.","10/22/11","697","Texas A&M","17","33","Home"
"311","Iowa St.","10/29/11","700","Texas Tech","41","7","Away"
"311","Iowa St.","11/05/11","328","Kansas","13","10","Home"
"311","Iowa St.","11/18/11","521","Oklahoma St.","37","31","Home"
"311","Iowa St.","11/26/11","522","Oklahoma","6","26","Away"
"311","Iowa St.","12/03/11","327","Kansas St.","","","Away"
"312","Iowa","09/03/11","692","Tennessee Tech","34","7","Home"
"312","Iowa","09/10/11","311","Iowa St.","41","44","Away"
"312","Iowa","09/17/11","545","Pittsburgh","31","27","Home"
"312","Iowa","09/24/11","498","La.-Monroe","45","17","Home"
"312","Iowa","10/08/11","539","Penn St.","3","13","Away"
"312","Iowa","10/15/11","509","Northwestern","41","31","Home"
"312","Iowa","10/22/11","306","Indiana","45","24","Home"
"312","Iowa","10/29/11","428","Minnesota","21","22","Away"
"312","Iowa","11/05/11","418","Michigan","24","16","Home"
"312","Iowa","11/12/11","416","Michigan St.","21","37","Home"
"312","Iowa","11/19/11","559","Purdue","31","21","Away"
"312","Iowa","11/25/11","463","Nebraska","7","20","Away"
"327","Kansas St.","09/03/11","202","Eastern Ky.","10","7","Home"
"327","Kansas St.","09/17/11","331","Kent St.","37","0","Home"
"327","Kansas St.","09/24/11","415","Miami (FL)","28","24","Away"
"327","Kansas St.","10/01/11","51","Baylor","36","35","Home"
"327","Kansas St.","10/08/11","434","Missouri","24","17","Home"
"327","Kansas St.","10/15/11","700","Texas Tech","41","34","Away"
"327","Kansas St.","10/22/11","328","Kansas","59","21","Away"
"327","Kansas St.","10/29/11","522","Oklahoma","17","58","Home"
"327","Kansas St.","11/05/11","521","Oklahoma St.","45","52","Away"
"327","Kansas St.","11/12/11","697","Texas A&M","53","50","Home"
"327","Kansas St.","11/19/11","703","Texas","17","13","Away"
"327","Kansas St.","12/03/11","311","Iowa St.","","","Home"
"328","Kansas","09/03/11","402","McNeese St.","42","24","Home"
"328","Kansas","09/10/11","503","Northern Ill.","45","42","Home"
"328","Kansas","09/17/11","255","Georgia Tech","24","66","Away"
"328","Kansas","10/01/11","700","Texas Tech","34","45","Home"
"328","Kansas","10/08/11","521","Oklahoma St.","28","70","Away"
"328","Kansas","10/15/11","522","Oklahoma","17","47","Home"
"328","Kansas","10/22/11","327","Kansas St.","21","59","Home"
"328","Kansas","10/29/11","703","Texas","0","43","Away"
"328","Kansas","11/05/11","311","Iowa St.","10","13","Away"
"328","Kansas","11/12/11","51","Baylor","30","31","Home"
"328","Kansas","11/19/11","697","Texas A&M","7","61","Away"
"328","Kansas","11/26/11","434","Missouri","10","24","Neutral Site"
"331","Kent St.","09/03/11","8","Alabama","7","48","Away"
"331","Kent St.","09/10/11","671","La.-Lafayette","12","20","Home"
"331","Kent St.","09/17/11","327","Kansas St.","0","37","Away"
"331","Kent St.","09/24/11","646","South Ala.","33","25","Home"
"331","Kent St.","10/01/11","519","Ohio","10","17","Away"
"331","Kent St.","10/08/11","503","Northern Ill.","10","40","Away"
"331","Kent St.","10/15/11","414","Miami (OH)","3","9","Home"
"331","Kent St.","10/29/11","71","Bowling Green","27","15","Home"
"331","Kent St.","11/04/11","129","Central Mich.","24","21","Home"
"331","Kent St.","11/12/11","5","Akron","35","3","Away"
"331","Kent St.","11/19/11","204","Eastern Mich.","28","22","Home"
"331","Kent St.","11/25/11","690","Temple","16","34","Away"
"334","Kentucky","09/01/11","772","Western Ky.","14","3","Neutral Site"
"334","Kentucky","09/10/11","129","Central Mich.","27","13","Home"
"334","Kentucky","09/17/11","367","Louisville","17","24","Home"
"334","Kentucky","09/24/11","235","Florida","10","48","Home"
"334","Kentucky","10/01/11","365","LSU","7","35","Away"
"334","Kentucky","10/08/11","648","South Carolina","3","54","Away"
"334","Kentucky","10/22/11","315","Jacksonville St.","38","14","Home"
"334","Kentucky","10/29/11","430","Mississippi St.","16","28","Home"
"334","Kentucky","11/05/11","433","Ole Miss","30","13","Home"
"334","Kentucky","11/12/11","736","Vanderbilt","8","38","Away"
"334","Kentucky","11/19/11","257","Georgia","10","19","Away"
"334","Kentucky","11/26/11","694","Tennessee","10","7","Home"
"365","LSU","09/03/11","529","Oregon","40","27","Neutral Site"
"365","LSU","09/10/11","508","Northwestern St.","49","3","Home"
"365","LSU","09/15/11","430","Mississippi St.","19","6","Away"
"365","LSU","09/24/11","768","West Virginia","47","21","Away"
"365","LSU","10/01/11","334","Kentucky","35","7","Home"
"365","LSU","10/08/11","235","Florida","41","11","Home"
"365","LSU","10/15/11","694","Tennessee","38","7","Away"
"365","LSU","10/22/11","37","Auburn","45","10","Home"
"365","LSU","11/05/11","8","Alabama","9","6","Away"
"365","LSU","11/12/11","772","Western Ky.","42","9","Home"
"365","LSU","11/19/11","433","Ole Miss","52","3","Away"
"365","LSU","11/25/11","31","Arkansas","41","17","Home"
"366","Louisiana Tech","09/03/11","664","Southern Miss.","17","19","Away"
"366","Louisiana Tech","09/10/11","1004","Central Ark.","48","42","Home"
"366","Louisiana Tech","09/17/11","288","Houston","34","35","Home"
"366","Louisiana Tech","09/24/11","430","Mississippi St.","20","26","Away"
"366","Louisiana Tech","10/01/11","277","Hawaii","26","44","Home"
"366","Louisiana Tech","10/08/11","295","Idaho","24","11","Away"
"366","Louisiana Tech","10/22/11","731","Utah St.","24","17","Away"
"366","Louisiana Tech","10/29/11","630","San Jose St.","38","28","Home"
"366","Louisiana Tech","11/05/11","96","Fresno St.","41","21","Away"
"366","Louisiana Tech","11/12/11","433","Ole Miss","27","7","Away"
"366","Louisiana Tech","11/19/11","466","Nevada","24","20","Away"
"366","Louisiana Tech","11/26/11","472","New Mexico St.","44","0","Home"
"367","Louisville","09/01/11","454","Murray St.","21","9","Home"
"367","Louisville","09/09/11","231","FIU","17","24","Home"
"367","Louisville","09/17/11","334","Kentucky","24","17","Away"
"367","Louisville","10/01/11","388","Marshall","13","17","Home"
"367","Louisville","10/08/11","457","North Carolina","7","14","Away"
"367","Louisville","10/15/11","140","Cincinnati","16","25","Away"
"367","Louisville","10/21/11","587","Rutgers","16","14","Home"
"367","Louisville","10/29/11","688","Syracuse","27","10","Home"
"367","Louisville","11/05/11","768","West Virginia","38","35","Away"
"367","Louisville","11/12/11","545","Pittsburgh","14","21","Home"
"367","Louisville","11/19/11","164","Connecticut","34","20","Away"
"367","Louisville","11/25/11","651","South Fla.","34","24","Away"
"388","Marshall","09/04/11","768","West Virginia","13","34","Away"
"388","Marshall","09/10/11","664","Southern Miss.","26","20","Home"
"388","Marshall","09/17/11","519","Ohio","7","44","Away"
"388","Marshall","09/24/11","742","Virginia Tech","10","30","Home"
"388","Marshall","10/01/11","367","Louisville","17","13","Away"
"388","Marshall","10/08/11","128","UCF","6","16","Away"
"388","Marshall","10/15/11","574","Rice","24","20","Home"
"388","Marshall","10/22/11","288","Houston","28","63","Away"
"388","Marshall","10/29/11","9","UAB","59","14","Home"
"388","Marshall","11/12/11","719","Tulsa","17","59","Away"
"388","Marshall","11/17/11","404","Memphis","23","22","Away"
"388","Marshall","11/26/11","196","East Carolina","34","27","Home"
"392","Maryland","09/05/11","415","Miami (FL)","32","24","Home"
"392","Maryland","09/17/11","768","West Virginia","31","37","Home"
"392","Maryland","09/24/11","690","Temple","7","38","Home"
"392","Maryland","10/01/11","711","Towson","28","3","Home"
"392","Maryland","10/08/11","255","Georgia Tech","16","21","Away"
"392","Maryland","10/15/11","147","Clemson","45","56","Home"
"392","Maryland","10/22/11","234","Florida St.","16","41","Away"
"392","Maryland","10/29/11","67","Boston College","17","28","Home"
"392","Maryland","11/05/11","746","Virginia","13","31","Home"
"392","Maryland","11/12/11","513","Notre Dame","21","45","Away"
"392","Maryland","11/19/11","749","Wake Forest","10","31","Away"
"392","Maryland","11/26/11","490","North Carolina St.","41","56","Away"
"404","Memphis","09/01/11","430","Mississippi St.","14","59","Home"
"404","Memphis","09/10/11","30","Arkansas St.","3","47","Away"
"404","Memphis","09/17/11","43","Austin Peay","27","6","Home"
"404","Memphis","09/24/11","663","SMU","0","42","Home"
"404","Memphis","10/01/11","419","Middle Tenn.","31","38","Away"
"404","Memphis","10/08/11","574","Rice","6","28","Away"
"404","Memphis","10/15/11","196","East Carolina","17","35","Home"
"404","Memphis","10/22/11","718","Tulane","33","17","Away"
"404","Memphis","10/29/11","128","UCF","0","41","Away"
"404","Memphis","11/12/11","9","UAB","35","41","Home"
"404","Memphis","11/17/11","388","Marshall","22","23","Home"
"404","Memphis","11/26/11","664","Southern Miss.","7","44","Away"
"414","Miami (OH)","09/03/11","434","Missouri","6","17","Away"
"414","Miami (OH)","09/17/11","428","Minnesota","23","29","Away"
"414","Miami (OH)","09/24/11","71","Bowling Green","23","37","Home"
"414","Miami (OH)","10/01/11","140","Cincinnati","0","27","Home"
"414","Miami (OH)","10/08/11","725","Army","35","28","Home"
"414","Miami (OH)","10/15/11","331","Kent St.","9","3","Away"
"414","Miami (OH)","10/22/11","709","Toledo","28","49","Away"
"414","Miami (OH)","10/29/11","86","Buffalo","41","13","Home"
"414","Miami (OH)","11/03/11","5","Akron","35","3","Home"
"414","Miami (OH)","11/09/11","690","Temple","21","24","Away"
"414","Miami (OH)","11/16/11","774","Western Mich.","21","24","Home"
"414","Miami (OH)","11/22/11","519","Ohio","14","21","Away"
"415","Miami (FL)","09/05/11","392","Maryland","24","32","Away"
"415","Miami (FL)","09/17/11","518","Ohio St.","24","6","Home"
"415","Miami (FL)","09/24/11","327","Kansas St.","24","28","Home"
"415","Miami (FL)","10/01/11","61","Bethune-Cookman","45","14","Home"
"415","Miami (FL)","10/08/11","742","Virginia Tech","35","38","Away"
"415","Miami (FL)","10/15/11","457","North Carolina","30","24","Away"
"415","Miami (FL)","10/22/11","255","Georgia Tech","24","7","Home"
"415","Miami (FL)","10/27/11","746","Virginia","21","28","Home"
"415","Miami (FL)","11/05/11","193","Duke","49","14","Home"
"415","Miami (FL)","11/12/11","234","Florida St.","19","23","Away"
"415","Miami (FL)","11/19/11","651","South Fla.","6","3","Away"
"415","Miami (FL)","11/25/11","67","Boston College","17","24","Home"
"416","Michigan St.","09/02/11","817","Youngstown St.","28","6","Home"
"416","Michigan St.","09/10/11","229","Fla. Atlantic","44","0","Home"
"416","Michigan St.","09/17/11","513","Notre Dame","13","31","Away"
"416","Michigan St.","09/24/11","129","Central Mich.","45","7","Home"
"416","Michigan St.","10/01/11","518","Ohio St.","10","7","Away"
"416","Michigan St.","10/15/11","418","Michigan","28","14","Home"
"416","Michigan St.","10/22/11","796","Wisconsin","37","31","Home"
"416","Michigan St.","10/29/11","463","Nebraska","3","24","Away"
"416","Michigan St.","11/05/11","428","Minnesota","31","24","Home"
"416","Michigan St.","11/12/11","312","Iowa","37","21","Away"
"416","Michigan St.","11/19/11","306","Indiana","55","3","Home"
"416","Michigan St.","11/26/11","509","Northwestern","31","17","Away"
"418","Michigan","09/03/11","774","Western Mich.","34","10","Home"
"418","Michigan","09/10/11","513","Notre Dame","35","31","Home"
"418","Michigan","09/17/11","204","Eastern Mich.","31","3","Home"
"418","Michigan","09/24/11","626","San Diego St.","28","7","Home"
"418","Michigan","10/01/11","428","Minnesota","58","0","Home"
"418","Michigan","10/08/11","509","Northwestern","42","24","Away"
"418","Michigan","10/15/11","416","Michigan St.","14","28","Away"
"418","Michigan","10/29/11","559","Purdue","36","14","Home"
"418","Michigan","11/05/11","312","Iowa","16","24","Away"
"418","Michigan","11/12/11","301","Illinois","31","14","Away"
"418","Michigan","11/19/11","463","Nebraska","45","17","Home"
"418","Michigan","11/26/11","518","Ohio St.","40","34","Home"
"419","Middle Tenn.","09/03/11","559","Purdue","24","27","Away"
"419","Middle Tenn.","09/10/11","255","Georgia Tech","21","49","Home"
"419","Middle Tenn.","09/24/11","716","Troy","35","38","Away"
"419","Middle Tenn.","10/01/11","404","Memphis","38","31","Home"
"419","Middle Tenn.","10/06/11","772","Western Ky.","33","36","Home"
"419","Middle Tenn.","10/22/11","229","Fla. Atlantic","38","14","Away"
"419","Middle Tenn.","10/29/11","671","La.-Lafayette","20","45","Home"
"419","Middle Tenn.","11/05/11","694","Tennessee","0","24","Away"
"419","Middle Tenn.","11/12/11","498","La.-Monroe","14","42","Away"
"419","Middle Tenn.","11/19/11","30","Arkansas St.","19","45","Home"
"419","Middle Tenn.","11/26/11","231","FIU","18","31","Home"
"419","Middle Tenn.","12/03/11","497","North Texas","","","Away"
"428","Minnesota","09/03/11","657","Southern California","17","19","Away"
"428","Minnesota","09/10/11","472","New Mexico St.","21","28","Home"
"428","Minnesota","09/17/11","414","Miami (OH)","29","23","Home"
"428","Minnesota","09/24/11","493","North Dakota St.","24","37","Home"
"428","Minnesota","10/01/11","418","Michigan","0","58","Away"
"428","Minnesota","10/08/11","559","Purdue","17","45","Away"
"428","Minnesota","10/22/11","463","Nebraska","14","41","Home"
"428","Minnesota","10/29/11","312","Iowa","22","21","Home"
"428","Minnesota","11/05/11","416","Michigan St.","24","31","Away"
"428","Minnesota","11/12/11","796","Wisconsin","13","42","Home"
"428","Minnesota","11/19/11","509","Northwestern","13","28","Away"
"428","Minnesota","11/26/11","301","Illinois","27","7","Home"
"430","Mississippi St.","09/01/11","404","Memphis","59","14","Away"
"430","Mississippi St.","09/10/11","37","Auburn","34","41","Away"
"430","Mississippi St.","09/15/11","365","LSU","6","19","Home"
"430","Mississippi St.","09/24/11","366","Louisiana Tech","26","20","Home"
"430","Mississippi St.","10/01/11","257","Georgia","10","24","Away"
"430","Mississippi St.","10/08/11","9","UAB","21","3","Away"
"430","Mississippi St.","10/15/11","648","South Carolina","12","14","Home"
"430","Mississippi St.","10/29/11","334","Kentucky","28","16","Away"
"430","Mississippi St.","11/05/11","695","Tenn.-Martin","55","17","Home"
"430","Mississippi St.","11/12/11","8","Alabama","7","24","Home"
"430","Mississippi St.","11/19/11","31","Arkansas","17","44","Away"
"430","Mississippi St.","11/26/11","433","Ole Miss","31","3","Home"
"433","Ole Miss","09/03/11","77","BYU","13","14","Home"
"433","Ole Miss","09/10/11","659","Southern Ill.","42","24","Home"
"433","Ole Miss","09/17/11","736","Vanderbilt","7","30","Away"
"433","Ole Miss","09/24/11","257","Georgia","13","27","Home"
"433","Ole Miss","10/01/11","96","Fresno St.","38","28","Away"
"433","Ole Miss","10/15/11","8","Alabama","7","52","Home"
"433","Ole Miss","10/22/11","31","Arkansas","24","29","Home"
"433","Ole Miss","10/29/11","37","Auburn","23","41","Away"
"433","Ole Miss","11/05/11","334","Kentucky","13","30","Away"
"433","Ole Miss","11/12/11","366","Louisiana Tech","7","27","Home"
"433","Ole Miss","11/19/11","365","LSU","3","52","Home"
"433","Ole Miss","11/26/11","430","Mississippi St.","3","31","Away"
"434","Missouri","09/03/11","414","Miami (OH)","17","6","Home"
"434","Missouri","09/09/11","28","Arizona St.","30","37","Away"
"434","Missouri","09/17/11","771","Western Ill.","69","0","Home"
"434","Missouri","09/24/11","522","Oklahoma","28","38","Away"
"434","Missouri","10/08/11","327","Kansas St.","17","24","Away"
"434","Missouri","10/15/11","311","Iowa St.","52","17","Home"
"434","Missouri","10/22/11","521","Oklahoma St.","24","45","Home"
"434","Missouri","10/29/11","697","Texas A&M","38","31","Away"
"434","Missouri","11/05/11","51","Baylor","39","42","Away"
"434","Missouri","11/12/11","703","Texas","17","5","Home"
"434","Missouri","11/19/11","700","Texas Tech","31","27","Home"
"434","Missouri","11/26/11","328","Kansas","24","10","Neutral Site"
"457","North Carolina","09/03/11","317","James Madison","42","10","Home"
"457","North Carolina","09/10/11","587","Rutgers","24","22","Home"
"457","North Carolina","09/17/11","746","Virginia","28","17","Home"
"457","North Carolina","09/24/11","255","Georgia Tech","28","35","Away"
"457","North Carolina","10/01/11","196","East Carolina","35","20","Away"
"457","North Carolina","10/08/11","367","Louisville","14","7","Home"
"457","North Carolina","10/15/11","415","Miami (FL)","24","30","Home"
"457","North Carolina","10/22/11","147","Clemson","38","59","Away"
"457","North Carolina","10/29/11","749","Wake Forest","49","24","Home"
"457","North Carolina","11/05/11","490","North Carolina St.","0","13","Away"
"457","North Carolina","11/17/11","742","Virginia Tech","21","24","Away"
"457","North Carolina","11/26/11","193","Duke","37","21","Home"
"463","Nebraska","09/03/11","693","Chattanooga","40","7","Home"
"463","Nebraska","09/10/11","96","Fresno St.","42","29","Home"
"463","Nebraska","09/17/11","756","Washington","51","38","Home"
"463","Nebraska","09/24/11","811","Wyoming","38","14","Away"
"463","Nebraska","10/01/11","796","Wisconsin","17","48","Away"
"463","Nebraska","10/08/11","518","Ohio St.","34","27","Home"
"463","Nebraska","10/22/11","428","Minnesota","41","14","Away"
"463","Nebraska","10/29/11","416","Michigan St.","24","3","Home"
"463","Nebraska","11/05/11","509","Northwestern","25","28","Home"
"463","Nebraska","11/12/11","539","Penn St.","17","14","Away"
"463","Nebraska","11/19/11","418","Michigan","17","45","Away"
"463","Nebraska","11/25/11","312","Iowa","20","7","Home"
"465","UNLV","09/01/11","796","Wisconsin","17","51","Away"
"465","UNLV","09/10/11","754","Washington St.","7","59","Away"
"465","UNLV","09/17/11","277","Hawaii","40","20","Home"
"465","UNLV","09/24/11","667","Southern Utah","16","41","Home"
"465","UNLV","10/08/11","466","Nevada","0","37","Away"
"465","UNLV","10/15/11","811","Wyoming","14","41","Away"
"465","UNLV","10/29/11","156","Colorado St.","38","35","Home"
"465","UNLV","11/05/11","66","Boise St.","21","48","Home"
"465","UNLV","11/12/11","473","New Mexico","14","21","Away"
"465","UNLV","11/19/11","721","Air Force","17","45","Away"
"465","UNLV","11/26/11","626","San Diego St.","14","31","Home"
"465","UNLV","12/03/11","698","TCU","","","Away"
"466","Nevada","09/10/11","529","Oregon","20","69","Away"
"466","Nevada","09/17/11","630","San Jose St.","17","14","Away"
"466","Nevada","09/24/11","700","Texas Tech","34","35","Away"
"466","Nevada","10/01/11","66","Boise St.","10","30","Away"
"466","Nevada","10/08/11","465","UNLV","37","0","Home"
"466","Nevada","10/15/11","473","New Mexico","49","7","Home"
"466","Nevada","10/22/11","96","Fresno St.","45","38","Home"
"466","Nevada","10/29/11","472","New Mexico St.","48","34","Away"
"466","Nevada","11/12/11","277","Hawaii","42","28","Home"
"466","Nevada","11/19/11","366","Louisiana Tech","20","24","Home"
"466","Nevada","11/26/11","731","Utah St.","17","21","Away"
"466","Nevada","12/03/11","295","Idaho","","","Home"
"472","New Mexico St.","09/03/11","519","Ohio","24","44","Home"
"472","New Mexico St.","09/10/11","428","Minnesota","28","21","Away"
"472","New Mexico St.","09/17/11","704","UTEP","10","16","Home"
"472","New Mexico St.","09/24/11","630","San Jose St.","24","34","Away"
"472","New Mexico St.","10/01/11","473","New Mexico","42","28","Away"
"472","New Mexico St.","10/15/11","295","Idaho","31","24","Home"
"472","New Mexico St.","10/22/11","277","Hawaii","34","45","Away"
"472","New Mexico St.","10/29/11","466","Nevada","34","48","Home"
"472","New Mexico St.","11/05/11","257","Georgia","16","63","Away"
"472","New Mexico St.","11/12/11","96","Fresno St.","48","45","Home"
"472","New Mexico St.","11/19/11","77","BYU","7","42","Away"
"472","New Mexico St.","11/26/11","366","Louisiana Tech","0","44","Away"
"472","New Mexico St.","12/03/11","731","Utah St.","","","Home"
"473","New Mexico","09/03/11","156","Colorado St.","10","14","Home"
"473","New Mexico","09/10/11","31","Arkansas","3","52","Away"
"473","New Mexico","09/17/11","700","Texas Tech","13","59","Home"
"473","New Mexico","09/24/11","624","Sam Houston St.","45","48","Home"
"473","New Mexico","10/01/11","472","New Mexico St.","28","42","Home"
"473","New Mexico","10/15/11","466","Nevada","7","49","Away"
"473","New Mexico","10/22/11","698","TCU","0","69","Away"
"473","New Mexico","10/29/11","721","Air Force","0","42","Home"
"473","New Mexico","11/05/11","626","San Diego St.","7","35","Away"
"473","New Mexico","11/12/11","465","UNLV","21","14","Home"
"473","New Mexico","11/19/11","811","Wyoming","10","31","Away"
"473","New Mexico","12/03/11","66","Boise St.","","","Away"
"490","North Carolina St.","09/03/11","355","Liberty","43","21","Home"
"490","North Carolina St.","09/10/11","749","Wake Forest","27","34","Away"
"490","North Carolina St.","09/17/11","646","South Ala.","35","13","Home"
"490","North Carolina St.","09/22/11","140","Cincinnati","14","44","Away"
"490","North Carolina St.","10/01/11","255","Georgia Tech","35","45","Home"
"490","North Carolina St.","10/08/11","129","Central Mich.","38","24","Home"
"490","North Carolina St.","10/22/11","746","Virginia","28","14","Away"
"490","North Carolina St.","10/29/11","234","Florida St.","0","34","Away"
"490","North Carolina St.","11/05/11","457","North Carolina","13","0","Home"
"490","North Carolina St.","11/12/11","67","Boston College","10","14","Away"
"490","North Carolina St.","11/19/11","147","Clemson","37","13","Home"
"490","North Carolina St.","11/26/11","392","Maryland","56","41","Home"
"497","North Texas","09/01/11","231","FIU","16","41","Away"
"497","North Texas","09/10/11","288","Houston","23","48","Home"
"497","North Texas","09/17/11","8","Alabama","0","41","Away"
"497","North Texas","09/24/11","306","Indiana","24","21","Home"
"497","North Texas","10/01/11","719","Tulsa","24","41","Away"
"497","North Texas","10/08/11","229","Fla. Atlantic","31","17","Home"
"497","North Texas","10/15/11","671","La.-Lafayette","10","30","Away"
"497","North Texas","10/22/11","498","La.-Monroe","38","21","Home"
"497","North Texas","10/29/11","30","Arkansas St.","14","37","Away"
"497","North Texas","11/12/11","716","Troy","38","33","Away"
"497","North Texas","11/19/11","772","Western Ky.","21","31","Home"
"497","North Texas","12/03/11","419","Middle Tenn.","","","Home"
"498","La.-Monroe","09/03/11","234","Florida St.","0","34","Away"
"498","La.-Monroe","09/10/11","261","Grambling","35","7","Home"
"498","La.-Monroe","09/17/11","698","TCU","17","38","Away"
"498","La.-Monroe","09/24/11","312","Iowa","17","45","Away"
"498","La.-Monroe","10/08/11","30","Arkansas St.","19","24","Home"
"498","La.-Monroe","10/15/11","716","Troy","38","10","Away"
"498","La.-Monroe","10/22/11","497","North Texas","21","38","Away"
"498","La.-Monroe","10/29/11","772","Western Ky.","28","31","Home"
"498","La.-Monroe","11/05/11","671","La.-Lafayette","35","36","Away"
"498","La.-Monroe","11/12/11","419","Middle Tenn.","42","14","Home"
"498","La.-Monroe","11/19/11","231","FIU","17","28","Home"
"498","La.-Monroe","12/03/11","229","Fla. Atlantic","","","Away"
"503","Northern Ill.","09/03/11","725","Army","49","26","Home"
"503","Northern Ill.","09/10/11","328","Kansas","42","45","Away"
"503","Northern Ill.","09/17/11","796","Wisconsin","7","49","Neutral Site"
"503","Northern Ill.","09/24/11","90","Cal Poly","47","30","Home"
"503","Northern Ill.","10/01/11","129","Central Mich.","41","48","Away"
"503","Northern Ill.","10/08/11","331","Kent St.","40","10","Home"
"503","Northern Ill.","10/15/11","774","Western Mich.","51","22","Home"
"503","Northern Ill.","10/22/11","86","Buffalo","31","30","Away"
"503","Northern Ill.","11/01/11","709","Toledo","63","60","Away"
"503","Northern Ill.","11/08/11","71","Bowling Green","45","14","Away"
"503","Northern Ill.","11/15/11","47","Ball St.","41","38","Home"
"503","Northern Ill.","11/25/11","204","Eastern Mich.","18","12","Home"
"509","Northwestern","09/03/11","67","Boston College","24","17","Away"
"509","Northwestern","09/10/11","201","Eastern Ill.","42","21","Home"
"509","Northwestern","09/17/11","725","Army","14","21","Away"
"509","Northwestern","10/01/11","301","Illinois","35","38","Away"
"509","Northwestern","10/08/11","418","Michigan","24","42","Home"
"509","Northwestern","10/15/11","312","Iowa","31","41","Away"
"509","Northwestern","10/22/11","539","Penn St.","24","34","Home"
"509","Northwestern","10/29/11","306","Indiana","59","38","Away"
"509","Northwestern","11/05/11","463","Nebraska","28","25","Away"
"509","Northwestern","11/12/11","574","Rice","28","6","Home"
"509","Northwestern","11/19/11","428","Minnesota","28","13","Home"
"509","Northwestern","11/26/11","416","Michigan St.","17","31","Home"
"513","Notre Dame","09/03/11","651","South Fla.","20","23","Home"
"513","Notre Dame","09/10/11","418","Michigan","31","35","Away"
"513","Notre Dame","09/17/11","416","Michigan St.","31","13","Home"
"513","Notre Dame","09/24/11","545","Pittsburgh","15","12","Away"
"513","Notre Dame","10/01/11","559","Purdue","38","10","Away"
"513","Notre Dame","10/08/11","721","Air Force","59","33","Home"
"513","Notre Dame","10/22/11","657","Southern California","17","31","Home"
"513","Notre Dame","10/29/11","726","Navy","56","14","Home"
"513","Notre Dame","11/05/11","749","Wake Forest","24","17","Away"
"513","Notre Dame","11/12/11","392","Maryland","45","21","Neutral Site"
"513","Notre Dame","11/19/11","67","Boston College","16","14","Home"
"513","Notre Dame","11/26/11","674","Stanford","14","28","Away"
"518","Ohio St.","09/03/11","5","Akron","42","0","Home"
"518","Ohio St.","09/10/11","709","Toledo","27","22","Home"
"518","Ohio St.","09/17/11","415","Miami (FL)","6","24","Away"
"518","Ohio St.","09/24/11","157","Colorado","37","17","Home"
"518","Ohio St.","10/01/11","416","Michigan St.","7","10","Home"
"518","Ohio St.","10/08/11","463","Nebraska","27","34","Away"
"518","Ohio St.","10/15/11","301","Illinois","17","7","Away"
"518","Ohio St.","10/29/11","796","Wisconsin","33","29","Home"
"518","Ohio St.","11/05/11","306","Indiana","34","20","Home"
"518","Ohio St.","11/12/11","559","Purdue","23","26","Away"
"518","Ohio St.","11/19/11","539","Penn St.","14","20","Home"
"518","Ohio St.","11/26/11","418","Michigan","34","40","Away"
"519","Ohio","09/03/11","472","New Mexico St.","44","24","Away"
"519","Ohio","09/10/11","1092","Gardner-Webb","30","3","Home"
"519","Ohio","09/17/11","388","Marshall","44","7","Home"
"519","Ohio","09/24/11","587","Rutgers","26","38","Away"
"519","Ohio","10/01/11","331","Kent St.","17","10","Home"
"519","Ohio","10/08/11","86","Buffalo","37","38","Away"
"519","Ohio","10/15/11","47","Ball St.","20","23","Home"
"519","Ohio","10/22/11","5","Akron","37","20","Away"
"519","Ohio","11/02/11","690","Temple","35","31","Home"
"519","Ohio","11/10/11","129","Central Mich.","43","28","Away"
"519","Ohio","11/16/11","71","Bowling Green","29","28","Away"
"519","Ohio","11/22/11","414","Miami (OH)","21","14","Home"
"521","Oklahoma St.","09/03/11","671","La.-Lafayette","61","34","Home"
"521","Oklahoma St.","09/08/11","29","Arizona","37","14","Home"
"521","Oklahoma St.","09/18/11","719","Tulsa","59","33","Away"
"521","Oklahoma St.","09/24/11","697","Texas A&M","30","29","Away"
"521","Oklahoma St.","10/08/11","328","Kansas","70","28","Home"
"521","Oklahoma St.","10/15/11","703","Texas","38","26","Away"
"521","Oklahoma St.","10/22/11","434","Missouri","45","24","Away"
"521","Oklahoma St.","10/29/11","51","Baylor","59","24","Home"
"521","Oklahoma St.","11/05/11","327","Kansas St.","52","45","Home"
"521","Oklahoma St.","11/12/11","700","Texas Tech","66","6","Away"
"521","Oklahoma St.","11/18/11","311","Iowa St.","31","37","Away"
"521","Oklahoma St.","12/03/11","522","Oklahoma","","","Home"
"522","Oklahoma","09/03/11","719","Tulsa","47","14","Home"
"522","Oklahoma","09/17/11","234","Florida St.","23","13","Away"
"522","Oklahoma","09/24/11","434","Missouri","38","28","Home"
"522","Oklahoma","10/01/11","47","Ball St.","62","6","Home"
"522","Oklahoma","10/08/11","703","Texas","55","17","Neutral Site"
"522","Oklahoma","10/15/11","328","Kansas","47","17","Away"
"522","Oklahoma","10/22/11","700","Texas Tech","38","41","Home"
"522","Oklahoma","10/29/11","327","Kansas St.","58","17","Away"
"522","Oklahoma","11/05/11","697","Texas A&M","41","25","Home"
"522","Oklahoma","11/19/11","51","Baylor","38","45","Away"
"522","Oklahoma","11/26/11","311","Iowa St.","26","6","Home"
"522","Oklahoma","12/03/11","521","Oklahoma St.","","","Away"
"528","Oregon St.","09/03/11","102","Sacramento St.","28","29","Home"
"528","Oregon St.","09/10/11","796","Wisconsin","0","35","Away"
"528","Oregon St.","09/24/11","110","UCLA","19","27","Home"
"528","Oregon St.","10/01/11","28","Arizona St.","20","35","Away"
"528","Oregon St.","10/08/11","29","Arizona","37","27","Home"
"528","Oregon St.","10/15/11","77","BYU","28","38","Home"
"528","Oregon St.","10/22/11","754","Washington St.","44","21","Away"
"528","Oregon St.","10/29/11","732","Utah","8","27","Away"
"528","Oregon St.","11/05/11","674","Stanford","13","38","Home"
"528","Oregon St.","11/12/11","107","California","6","23","Away"
"528","Oregon St.","11/19/11","756","Washington","38","21","Home"
"528","Oregon St.","11/26/11","529","Oregon","21","49","Away"
"529","Oregon","09/03/11","365","LSU","27","40","Neutral Site"
"529","Oregon","09/10/11","466","Nevada","69","20","Home"
"529","Oregon","09/17/11","669","Missouri St.","56","7","Home"
"529","Oregon","09/24/11","29","Arizona","56","31","Away"
"529","Oregon","10/06/11","107","California","43","15","Home"
"529","Oregon","10/15/11","28","Arizona St.","41","27","Home"
"529","Oregon","10/22/11","157","Colorado","45","2","Away"
"529","Oregon","10/29/11","754","Washington St.","43","28","Home"
"529","Oregon","11/05/11","756","Washington","34","17","Away"
"529","Oregon","11/12/11","674","Stanford","53","30","Away"
"529","Oregon","11/19/11","657","Southern California","35","38","Home"
"529","Oregon","11/26/11","528","Oregon St.","49","21","Home"
"539","Penn St.","09/03/11","305","Indiana St.","41","7","Home"
"539","Penn St.","09/10/11","8","Alabama","11","27","Home"
"539","Penn St.","09/17/11","690","Temple","14","10","Away"
"539","Penn St.","09/24/11","204","Eastern Mich.","34","6","Home"
"539","Penn St.","10/01/11","306","Indiana","16","10","Away"
"539","Penn St.","10/08/11","312","Iowa","13","3","Home"
"539","Penn St.","10/15/11","559","Purdue","23","18","Home"
"539","Penn St.","10/22/11","509","Northwestern","34","24","Away"
"539","Penn St.","10/29/11","301","Illinois","10","7","Home"
"539","Penn St.","11/12/11","463","Nebraska","14","17","Home"
"539","Penn St.","11/19/11","518","Ohio St.","20","14","Away"
"539","Penn St.","11/26/11","796","Wisconsin","7","45","Away"
"545","Pittsburgh","09/03/11","86","Buffalo","35","16","Home"
"545","Pittsburgh","09/10/11","380","Maine","35","29","Home"
"545","Pittsburgh","09/17/11","312","Iowa","27","31","Away"
"545","Pittsburgh","09/24/11","513","Notre Dame","12","15","Home"
"545","Pittsburgh","09/29/11","651","South Fla.","44","17","Home"
"545","Pittsburgh","10/08/11","587","Rutgers","10","34","Away"
"545","Pittsburgh","10/15/11","732","Utah","14","26","Home"
"545","Pittsburgh","10/26/11","164","Connecticut","35","20","Home"
"545","Pittsburgh","11/05/11","140","Cincinnati","23","26","Home"
"545","Pittsburgh","11/12/11","367","Louisville","21","14","Away"
"545","Pittsburgh","11/25/11","768","West Virginia","20","21","Away"
"545","Pittsburgh","12/03/11","688","Syracuse","","","Home"
"559","Purdue","09/03/11","419","Middle Tenn.","27","24","Home"
"559","Purdue","09/10/11","574","Rice","22","24","Away"
"559","Purdue","09/17/11","654","Southeast Mo. St.","59","0","Home"
"559","Purdue","10/01/11","513","Notre Dame","10","38","Home"
"559","Purdue","10/08/11","428","Minnesota","45","17","Home"
"559","Purdue","10/15/11","539","Penn St.","18","23","Away"
"559","Purdue","10/22/11","301","Illinois","21","14","Home"
"559","Purdue","10/29/11","418","Michigan","14","36","Away"
"559","Purdue","11/05/11","796","Wisconsin","17","62","Away"
"559","Purdue","11/12/11","518","Ohio St.","26","23","Home"
"559","Purdue","11/19/11","312","Iowa","21","31","Home"
"559","Purdue","11/26/11","306","Indiana","33","25","Away"
"574","Rice","09/03/11","703","Texas","9","34","Away"
"574","Rice","09/10/11","559","Purdue","24","22","Home"
"574","Rice","09/24/11","51","Baylor","31","56","Away"
"574","Rice","10/01/11","664","Southern Miss.","24","48","Away"
"574","Rice","10/08/11","404","Memphis","28","6","Home"
"574","Rice","10/15/11","388","Marshall","20","24","Away"
"574","Rice","10/22/11","719","Tulsa","20","38","Home"
"574","Rice","10/27/11","288","Houston","34","73","Away"
"574","Rice","11/05/11","704","UTEP","41","37","Home"
"574","Rice","11/12/11","509","Northwestern","6","28","Away"
"574","Rice","11/19/11","718","Tulane","19","7","Home"
"574","Rice","11/26/11","663","SMU","24","27","Away"
"587","Rutgers","09/01/11","489","N.C. Central","48","0","Home"
"587","Rutgers","09/10/11","457","North Carolina","22","24","Away"
"587","Rutgers","09/24/11","519","Ohio","38","26","Home"
"587","Rutgers","10/01/11","688","Syracuse","19","16","Away"
"587","Rutgers","10/08/11","545","Pittsburgh","34","10","Home"
"587","Rutgers","10/15/11","726","Navy","21","20","Home"
"587","Rutgers","10/21/11","367","Louisville","14","16","Away"
"587","Rutgers","10/29/11","768","West Virginia","31","41","Home"
"587","Rutgers","11/05/11","651","South Fla.","20","17","Home"
"587","Rutgers","11/12/11","725","Army","27","12","Neutral Site"
"587","Rutgers","11/19/11","140","Cincinnati","20","3","Home"
"587","Rutgers","11/26/11","164","Connecticut","22","40","Away"
"626","San Diego St.","09/03/11","90","Cal Poly","49","21","Home"
"626","San Diego St.","09/10/11","725","Army","23","20","Away"
"626","San Diego St.","09/17/11","754","Washington St.","42","24","Home"
"626","San Diego St.","09/24/11","418","Michigan","7","28","Away"
"626","San Diego St.","10/08/11","698","TCU","14","27","Home"
"626","San Diego St.","10/13/11","721","Air Force","41","27","Away"
"626","San Diego St.","10/29/11","811","Wyoming","27","30","Home"
"626","San Diego St.","11/05/11","473","New Mexico","35","7","Home"
"626","San Diego St.","11/12/11","156","Colorado St.","18","15","Away"
"626","San Diego St.","11/19/11","66","Boise St.","35","52","Home"
"626","San Diego St.","11/26/11","465","UNLV","31","14","Away"
"626","San Diego St.","12/03/11","96","Fresno St.","","","Home"
"630","San Jose St.","09/03/11","674","Stanford","3","57","Away"
"630","San Jose St.","09/10/11","110","UCLA","17","27","Away"
"630","San Jose St.","09/17/11","466","Nevada","14","17","Home"
"630","San Jose St.","09/24/11","472","New Mexico St.","34","24","Home"
"630","San Jose St.","10/01/11","156","Colorado St.","38","31","Away"
"630","San Jose St.","10/08/11","77","BYU","16","29","Away"
"630","San Jose St.","10/14/11","277","Hawaii","28","27","Home"
"630","San Jose St.","10/29/11","366","Louisiana Tech","28","38","Away"
"630","San Jose St.","11/05/11","295","Idaho","29","32","Home"
"630","San Jose St.","11/12/11","731","Utah St.","33","34","Away"
"630","San Jose St.","11/19/11","726","Navy","27","24","Home"
"630","San Jose St.","11/26/11","96","Fresno St.","27","24","Away"
"648","South Carolina","09/03/11","196","East Carolina","56","37","Neutral Site"
"648","South Carolina","09/10/11","257","Georgia","45","42","Away"
"648","South Carolina","09/17/11","726","Navy","24","21","Home"
"648","South Carolina","09/24/11","736","Vanderbilt","21","3","Home"
"648","South Carolina","10/01/11","37","Auburn","13","16","Home"
"648","South Carolina","10/08/11","334","Kentucky","54","3","Home"
"648","South Carolina","10/15/11","430","Mississippi St.","14","12","Away"
"648","South Carolina","10/29/11","694","Tennessee","14","3","Away"
"648","South Carolina","11/05/11","31","Arkansas","28","44","Away"
"648","South Carolina","11/12/11","235","Florida","17","12","Home"
"648","South Carolina","11/19/11","141","Citadel","41","20","Home"
"648","South Carolina","11/26/11","147","Clemson","34","13","Home"
"651","South Fla.","09/03/11","513","Notre Dame","23","20","Away"
"651","South Fla.","09/10/11","47","Ball St.","37","7","Home"
"651","South Fla.","09/17/11","228","Florida A&M","70","17","Home"
"651","South Fla.","09/24/11","704","UTEP","52","24","Home"
"651","South Fla.","09/29/11","545","Pittsburgh","17","44","Away"
"651","South Fla.","10/15/11","164","Connecticut","10","16","Away"
"651","South Fla.","10/22/11","140","Cincinnati","34","37","Home"
"651","South Fla.","11/05/11","587","Rutgers","17","20","Away"
"651","South Fla.","11/11/11","688","Syracuse","37","17","Away"
"651","South Fla.","11/19/11","415","Miami (FL)","3","6","Home"
"651","South Fla.","11/25/11","367","Louisville","24","34","Home"
"651","South Fla.","12/01/11","768","West Virginia","","","Home"
"657","Southern California","09/03/11","428","Minnesota","19","17","Home"
"657","Southern California","09/10/11","732","Utah","23","14","Home"
"657","Southern California","09/17/11","688","Syracuse","38","17","Home"
"657","Southern California","09/24/11","28","Arizona St.","22","43","Away"
"657","Southern California","10/01/11","29","Arizona","48","41","Home"
"657","Southern California","10/13/11","107","California","30","9","Away"
"657","Southern California","10/22/11","513","Notre Dame","31","17","Away"
"657","Southern California","10/29/11","674","Stanford","48","56","Home"
"657","Southern California","11/04/11","157","Colorado","42","17","Away"
"657","Southern California","11/12/11","756","Washington","40","17","Home"
"657","Southern California","11/19/11","529","Oregon","38","35","Away"
"657","Southern California","11/26/11","110","UCLA","50","0","Home"
"663","SMU","09/04/11","697","Texas A&M","14","46","Away"
"663","SMU","09/10/11","704","UTEP","28","17","Home"
"663","SMU","09/17/11","508","Northwestern St.","40","7","Home"
"663","SMU","09/24/11","404","Memphis","42","0","Away"
"663","SMU","10/01/11","698","TCU","40","33","Away"
"663","SMU","10/15/11","128","UCF","38","17","Home"
"663","SMU","10/22/11","664","Southern Miss.","3","27","Away"
"663","SMU","10/29/11","719","Tulsa","7","38","Away"
"663","SMU","11/05/11","718","Tulane","45","24","Home"
"663","SMU","11/12/11","726","Navy","17","24","Home"
"663","SMU","11/19/11","288","Houston","7","37","Away"
"663","SMU","11/26/11","574","Rice","27","24","Home"
"664","Southern Miss.","09/03/11","366","Louisiana Tech","19","17","Home"
"664","Southern Miss.","09/10/11","388","Marshall","20","26","Away"
"664","Southern Miss.","09/17/11","655","Southeastern La.","52","6","Home"
"664","Southern Miss.","09/24/11","746","Virginia","30","24","Away"
"664","Southern Miss.","10/01/11","574","Rice","48","24","Home"
"664","Southern Miss.","10/08/11","726","Navy","63","35","Away"
"664","Southern Miss.","10/22/11","663","SMU","27","3","Home"
"664","Southern Miss.","10/29/11","704","UTEP","31","13","Away"
"664","Southern Miss.","11/05/11","196","East Carolina","48","28","Away"
"664","Southern Miss.","11/12/11","128","UCF","30","29","Home"
"664","Southern Miss.","11/17/11","9","UAB","31","34","Away"
"664","Southern Miss.","11/26/11","404","Memphis","44","7","Home"
"670","Texas St.","09/03/11","700","Texas Tech","10","50","Away"
"670","Texas St.","09/10/11","811","Wyoming","10","45","Away"
"670","Texas St.","09/17/11","1395","Tarleton St.","38","28","Home"
"670","Texas St.","09/24/11","676","Stephen F. Austin","35","26","Away"
"670","Texas St.","10/01/11","483","Nicholls St.","38","12","Home"
"670","Texas St.","10/08/11","402","McNeese St.","21","14","Away"
"670","Texas St.","10/15/11","346","Lamar","46","21","Home"
"670","Texas St.","10/22/11","655","Southeastern La.","28","38","Away"
"670","Texas St.","10/29/11","508","Northwestern St.","10","23","Home"
"670","Texas St.","11/05/11","553","Prairie View","34","26","Home"
"670","Texas St.","11/12/11","1004","Central Ark.","22","23","Away"
"670","Texas St.","11/19/11","624","Sam Houston St.","14","36","Home"
"671","La.-Lafayette","09/03/11","521","Oklahoma St.","34","61","Away"
"671","La.-Lafayette","09/10/11","331","Kent St.","20","12","Away"
"671","La.-Lafayette","09/17/11","483","Nicholls St.","38","21","Home"
"671","La.-Lafayette","09/24/11","231","FIU","36","31","Away"
"671","La.-Lafayette","10/01/11","229","Fla. Atlantic","37","34","Home"
"671","La.-Lafayette","10/08/11","716","Troy","31","17","Home"
"671","La.-Lafayette","10/15/11","497","North Texas","30","10","Home"
"671","La.-Lafayette","10/22/11","772","Western Ky.","23","42","Away"
"671","La.-Lafayette","10/29/11","419","Middle Tenn.","45","20","Away"
"671","La.-Lafayette","11/05/11","498","La.-Monroe","36","35","Home"
"671","La.-Lafayette","11/12/11","30","Arkansas St.","21","30","Away"
"671","La.-Lafayette","11/26/11","29","Arizona","37","45","Away"
"674","Stanford","09/03/11","630","San Jose St.","57","3","Home"
"674","Stanford","09/10/11","193","Duke","44","14","Away"
"674","Stanford","09/17/11","29","Arizona","37","10","Away"
"674","Stanford","10/01/11","110","UCLA","45","19","Home"
"674","Stanford","10/08/11","157","Colorado","48","7","Home"
"674","Stanford","10/15/11","754","Washington St.","44","14","Away"
"674","Stanford","10/22/11","756","Washington","65","21","Home"
"674","Stanford","10/29/11","657","Southern California","56","48","Away"
"674","Stanford","11/05/11","528","Oregon St.","38","13","Away"
"674","Stanford","11/12/11","529","Oregon","30","53","Home"
"674","Stanford","11/19/11","107","California","31","28","Home"
"674","Stanford","11/26/11","513","Notre Dame","28","14","Home"
"688","Syracuse","09/01/11","749","Wake Forest","36","29","Home"
"688","Syracuse","09/10/11","572","Rhode Island","21","14","Home"
"688","Syracuse","09/17/11","657","Southern California","17","38","Away"
"688","Syracuse","09/24/11","709","Toledo","33","30","Home"
"688","Syracuse","10/01/11","587","Rutgers","16","19","Home"
"688","Syracuse","10/08/11","718","Tulane","37","34","Away"
"688","Syracuse","10/21/11","768","West Virginia","49","23","Home"
"688","Syracuse","10/29/11","367","Louisville","10","27","Away"
"688","Syracuse","11/05/11","164","Connecticut","21","28","Away"
"688","Syracuse","11/11/11","651","South Fla.","17","37","Home"
"688","Syracuse","11/26/11","140","Cincinnati","13","30","Home"
"688","Syracuse","12/03/11","545","Pittsburgh","","","Away"
"690","Temple","09/01/11","739","Villanova","42","7","Home"
"690","Temple","09/10/11","5","Akron","41","3","Away"
"690","Temple","09/17/11","539","Penn St.","10","14","Home"
"690","Temple","09/24/11","392","Maryland","38","7","Away"
"690","Temple","10/01/11","709","Toledo","13","36","Home"
"690","Temple","10/08/11","47","Ball St.","42","0","Away"
"690","Temple","10/15/11","86","Buffalo","34","0","Home"
"690","Temple","10/22/11","71","Bowling Green","10","13","Away"
"690","Temple","11/02/11","519","Ohio","31","35","Away"
"690","Temple","11/09/11","414","Miami (OH)","24","21","Home"
"690","Temple","11/19/11","725","Army","42","14","Home"
"690","Temple","11/25/11","331","Kent St.","34","16","Home"
"694","Tennessee","09/03/11","441","Montana","42","16","Home"
"694","Tennessee","09/10/11","140","Cincinnati","45","23","Home"
"694","Tennessee","09/17/11","235","Florida","23","33","Away"
"694","Tennessee","10/01/11","86","Buffalo","41","10","Home"
"694","Tennessee","10/08/11","257","Georgia","12","20","Home"
"694","Tennessee","10/15/11","365","LSU","7","38","Home"
"694","Tennessee","10/22/11","8","Alabama","6","37","Away"
"694","Tennessee","10/29/11","648","South Carolina","3","14","Home"
"694","Tennessee","11/05/11","419","Middle Tenn.","24","0","Home"
"694","Tennessee","11/12/11","31","Arkansas","7","49","Away"
"694","Tennessee","11/19/11","736","Vanderbilt","27","21","Home"
"694","Tennessee","11/26/11","334","Kentucky","7","10","Away"
"697","Texas A&M","09/04/11","663","SMU","46","14","Home"
"697","Texas A&M","09/17/11","295","Idaho","37","7","Home"
"697","Texas A&M","09/24/11","521","Oklahoma St.","29","30","Home"
"697","Texas A&M","10/01/11","31","Arkansas","38","42","Neutral Site"
"697","Texas A&M","10/08/11","700","Texas Tech","45","40","Away"
"697","Texas A&M","10/15/11","51","Baylor","55","28","Home"
"697","Texas A&M","10/22/11","311","Iowa St.","33","17","Away"
"697","Texas A&M","10/29/11","434","Missouri","31","38","Home"
"697","Texas A&M","11/05/11","522","Oklahoma","25","41","Away"
"697","Texas A&M","11/12/11","327","Kansas St.","50","53","Away"
"697","Texas A&M","11/19/11","328","Kansas","61","7","Home"
"697","Texas A&M","11/24/11","703","Texas","25","27","Home"
"698","TCU","09/02/11","51","Baylor","48","50","Away"
"698","TCU","09/10/11","721","Air Force","35","19","Away"
"698","TCU","09/17/11","498","La.-Monroe","38","17","Home"
"698","TCU","09/24/11","550","Portland St.","55","13","Home"
"698","TCU","10/01/11","663","SMU","33","40","Home"
"698","TCU","10/08/11","626","San Diego St.","27","14","Away"
"698","TCU","10/22/11","473","New Mexico","69","0","Home"
"698","TCU","10/28/11","77","BYU","38","28","Home"
"698","TCU","11/05/11","811","Wyoming","31","20","Away"
"698","TCU","11/12/11","66","Boise St.","36","35","Away"
"698","TCU","11/19/11","156","Colorado St.","34","10","Home"
"698","TCU","12/03/11","465","UNLV","","","Home"
"700","Texas Tech","09/03/11","670","Texas St.","50","10","Home"
"700","Texas Tech","09/17/11","473","New Mexico","59","13","Away"
"700","Texas Tech","09/24/11","466","Nevada","35","34","Home"
"700","Texas Tech","10/01/11","328","Kansas","45","34","Away"
"700","Texas Tech","10/08/11","697","Texas A&M","40","45","Home"
"700","Texas Tech","10/15/11","327","Kansas St.","34","41","Home"
"700","Texas Tech","10/22/11","522","Oklahoma","41","38","Away"
"700","Texas Tech","10/29/11","311","Iowa St.","7","41","Home"
"700","Texas Tech","11/05/11","703","Texas","20","52","Away"
"700","Texas Tech","11/12/11","521","Oklahoma St.","6","66","Home"
"700","Texas Tech","11/19/11","434","Missouri","27","31","Away"
"700","Texas Tech","11/26/11","51","Baylor","42","66","Neutral Site"
"703","Texas","09/03/11","574","Rice","34","9","Home"
"703","Texas","09/10/11","77","BYU","17","16","Home"
"703","Texas","09/17/11","110","UCLA","49","20","Away"
"703","Texas","10/01/11","311","Iowa St.","37","14","Away"
"703","Texas","10/08/11","522","Oklahoma","17","55","Neutral Site"
"703","Texas","10/15/11","521","Oklahoma St.","26","38","Home"
"703","Texas","10/29/11","328","Kansas","43","0","Home"
"703","Texas","11/05/11","700","Texas Tech","52","20","Home"
"703","Texas","11/12/11","434","Missouri","5","17","Away"
"703","Texas","11/19/11","327","Kansas St.","13","17","Home"
"703","Texas","11/24/11","697","Texas A&M","27","25","Away"
"703","Texas","12/03/11","51","Baylor","","","Away"
"704","UTEP","09/03/11","683","Stony Brook","31","24","Home"
"704","UTEP","09/10/11","663","SMU","17","28","Away"
"704","UTEP","09/17/11","472","New Mexico St.","16","10","Away"
"704","UTEP","09/24/11","651","South Fla.","24","52","Away"
"704","UTEP","09/29/11","288","Houston","42","49","Home"
"704","UTEP","10/15/11","718","Tulane","44","7","Away"
"704","UTEP","10/22/11","156","Colorado St.","31","17","Home"
"704","UTEP","10/29/11","664","Southern Miss.","13","31","Home"
"704","UTEP","11/05/11","574","Rice","37","41","Away"
"704","UTEP","11/12/11","196","East Carolina","22","17","Home"
"704","UTEP","11/19/11","719","Tulsa","28","57","Home"
"704","UTEP","11/25/11","128","UCF","14","31","Away"
"706","UTSA","09/03/11","12810","Northeastern St.","31","3","Home"
"706","UTSA","09/10/11","8530","McMurry","21","24","Home"
"706","UTSA","09/17/11","667","Southern Utah","22","45","Away"
"706","UTSA","09/24/11","506174","Bacone","54","7","Home"
"706","UTSA","10/01/11","624","Sam Houston St.","7","22","Away"
"706","UTSA","10/08/11","646","South Ala.","27","30","Home"
"706","UTSA","10/15/11","108","UC Davis","17","38","Away"
"706","UTSA","10/29/11","254","Georgia St.","17","14","Home"
"706","UTSA","11/12/11","402","McNeese St.","21","24","Away"
"706","UTSA","11/19/11","30125","Minot St.","49","7","Home"
"709","Toledo","09/01/11","469","New Hampshire","58","22","Home"
"709","Toledo","09/10/11","518","Ohio St.","22","27","Away"
"709","Toledo","09/16/11","66","Boise St.","15","40","Home"
"709","Toledo","09/24/11","688","Syracuse","30","33","Away"
"709","Toledo","10/01/11","690","Temple","36","13","Away"
"709","Toledo","10/08/11","204","Eastern Mich.","54","16","Home"
"709","Toledo","10/15/11","71","Bowling Green","28","21","Away"
"709","Toledo","10/22/11","414","Miami (OH)","49","28","Home"
"709","Toledo","11/01/11","503","Northern Ill.","60","63","Home"
"709","Toledo","11/08/11","774","Western Mich.","66","63","Home"
"709","Toledo","11/18/11","129","Central Mich.","44","17","Away"
"709","Toledo","11/25/11","47","Ball St.","45","28","Away"
"716","Troy","09/03/11","147","Clemson","19","43","Away"
"716","Troy","09/17/11","31","Arkansas","28","38","Away"
"716","Troy","09/24/11","419","Middle Tenn.","38","35","Home"
"716","Troy","10/01/11","9","UAB","24","23","Home"
"716","Troy","10/08/11","671","La.-Lafayette","17","31","Away"
"716","Troy","10/15/11","498","La.-Monroe","10","38","Home"
"716","Troy","10/25/11","231","FIU","20","23","Away"
"716","Troy","11/05/11","726","Navy","14","42","Away"
"716","Troy","11/12/11","497","North Texas","33","38","Home"
"716","Troy","11/19/11","229","Fla. Atlantic","34","7","Home"
"716","Troy","11/26/11","772","Western Ky.","18","41","Away"
"716","Troy","12/03/11","30","Arkansas St.","","","Away"
"718","Tulane","09/03/11","655","Southeastern La.","47","33","Home"
"718","Tulane","09/10/11","719","Tulsa","3","31","Home"
"718","Tulane","09/17/11","9","UAB","49","10","Away"
"718","Tulane","09/24/11","193","Duke","27","48","Away"
"718","Tulane","10/01/11","725","Army","6","45","Away"
"718","Tulane","10/08/11","688","Syracuse","34","37","Home"
"718","Tulane","10/15/11","704","UTEP","7","44","Home"
"718","Tulane","10/22/11","404","Memphis","17","33","Home"
"718","Tulane","10/29/11","196","East Carolina","13","34","Away"
"718","Tulane","11/05/11","663","SMU","24","45","Away"
"718","Tulane","11/10/11","288","Houston","17","73","Home"
"718","Tulane","11/19/11","574","Rice","7","19","Away"
"718","Tulane","11/26/11","277","Hawaii","23","35","Away"
"719","Tulsa","09/03/11","522","Oklahoma","14","47","Away"
"719","Tulsa","09/10/11","718","Tulane","31","3","Away"
"719","Tulsa","09/18/11","521","Oklahoma St.","33","59","Home"
"719","Tulsa","09/24/11","66","Boise St.","21","41","Away"
"719","Tulsa","10/01/11","497","North Texas","41","24","Home"
"719","Tulsa","10/15/11","9","UAB","37","20","Home"
"719","Tulsa","10/22/11","574","Rice","38","20","Away"
"719","Tulsa","10/29/11","663","SMU","38","7","Home"
"719","Tulsa","11/03/11","128","UCF","24","17","Away"
"719","Tulsa","11/12/11","388","Marshall","59","17","Home"
"719","Tulsa","11/19/11","704","UTEP","57","28","Away"
"719","Tulsa","11/25/11","288","Houston","16","48","Home"
"721","Air Force","09/03/11","650","South Dakota","37","20","Home"
"721","Air Force","09/10/11","698","TCU","19","35","Home"
"721","Air Force","09/24/11","691","Tennessee St.","63","24","Home"
"721","Air Force","10/01/11","726","Navy","35","34","Away"
"721","Air Force","10/08/11","513","Notre Dame","33","59","Away"
"721","Air Force","10/13/11","626","San Diego St.","27","41","Home"
"721","Air Force","10/22/11","66","Boise St.","26","37","Away"
"721","Air Force","10/29/11","473","New Mexico","42","0","Away"
"721","Air Force","11/05/11","725","Army","24","14","Home"
"721","Air Force","11/12/11","811","Wyoming","17","25","Home"
"721","Air Force","11/19/11","465","UNLV","45","17","Home"
"721","Air Force","11/26/11","156","Colorado St.","45","21","Away"
"725","Army","09/03/11","503","Northern Ill.","26","49","Away"
"725","Army","09/10/11","626","San Diego St.","20","23","Home"
"725","Army","09/17/11","509","Northwestern","21","14","Home"
"725","Army","09/24/11","47","Ball St.","21","48","Away"
"725","Army","10/01/11","718","Tulane","45","6","Home"
"725","Army","10/08/11","414","Miami (OH)","28","35","Away"
"725","Army","10/22/11","736","Vanderbilt","21","44","Away"
"725","Army","10/29/11","236","Fordham","55","0","Home"
"725","Army","11/05/11","721","Air Force","14","24","Away"
"725","Army","11/12/11","587","Rutgers","12","27","Neutral Site"
"725","Army","11/19/11","690","Temple","14","42","Away"
"725","Army","12/10/11","726","Navy","","","Neutral Site"
"726","Navy","09/03/11","180","Delaware","40","17","Home"
"726","Navy","09/10/11","772","Western Ky.","40","14","Away"
"726","Navy","09/17/11","648","South Carolina","21","24","Away"
"726","Navy","10/01/11","721","Air Force","34","35","Home"
"726","Navy","10/08/11","664","Southern Miss.","35","63","Home"
"726","Navy","10/15/11","587","Rutgers","20","21","Away"
"726","Navy","10/22/11","196","East Carolina","35","38","Home"
"726","Navy","10/29/11","513","Notre Dame","14","56","Away"
"726","Navy","11/05/11","716","Troy","42","14","Home"
"726","Navy","11/12/11","663","SMU","24","17","Away"
"726","Navy","11/19/11","630","San Jose St.","24","27","Away"
"726","Navy","12/10/11","725","Army","","","Neutral Site"
"731","Utah St.","09/03/11","37","Auburn","38","42","Away"
"731","Utah St.","09/10/11","758","Weber St.","54","17","Home"
"731","Utah St.","09/24/11","156","Colorado St.","34","35","Home"
"731","Utah St.","09/30/11","77","BYU","24","27","Away"
"731","Utah St.","10/08/11","811","Wyoming","63","19","Home"
"731","Utah St.","10/15/11","96","Fresno St.","21","31","Away"
"731","Utah St.","10/22/11","366","Louisiana Tech","17","24","Home"
"731","Utah St.","11/05/11","277","Hawaii","35","31","Away"
"731","Utah St.","11/12/11","630","San Jose St.","34","33","Home"
"731","Utah St.","11/19/11","295","Idaho","49","42","Away"
"731","Utah St.","11/26/11","466","Nevada","21","17","Home"
"731","Utah St.","12/03/11","472","New Mexico St.","","","Away"
"732","Utah","09/01/11","440","Montana St.","27","10","Home"
"732","Utah","09/10/11","657","Southern California","14","23","Away"
"732","Utah","09/17/11","77","BYU","54","10","Away"
"732","Utah","10/01/11","756","Washington","14","31","Home"
"732","Utah","10/08/11","28","Arizona St.","14","35","Home"
"732","Utah","10/15/11","545","Pittsburgh","26","14","Away"
"732","Utah","10/22/11","107","California","10","34","Away"
"732","Utah","10/29/11","528","Oregon St.","27","8","Home"
"732","Utah","11/05/11","29","Arizona","34","21","Away"
"732","Utah","11/12/11","110","UCLA","31","6","Home"
"732","Utah","11/19/11","754","Washington St.","30","27","Away"
"732","Utah","11/25/11","157","Colorado","14","17","Home"
"736","Vanderbilt","09/03/11","1068","Elon","45","14","Home"
"736","Vanderbilt","09/10/11","164","Connecticut","24","21","Home"
"736","Vanderbilt","09/17/11","433","Ole Miss","30","7","Home"
"736","Vanderbilt","09/24/11","648","South Carolina","3","21","Away"
"736","Vanderbilt","10/08/11","8","Alabama","0","34","Away"
"736","Vanderbilt","10/15/11","257","Georgia","28","33","Home"
"736","Vanderbilt","10/22/11","725","Army","44","21","Home"
"736","Vanderbilt","10/29/11","31","Arkansas","28","31","Home"
"736","Vanderbilt","11/05/11","235","Florida","21","26","Away"
"736","Vanderbilt","11/12/11","334","Kentucky","38","8","Home"
"736","Vanderbilt","11/19/11","694","Tennessee","21","27","Away"
"736","Vanderbilt","11/26/11","749","Wake Forest","41","7","Away"
"742","Virginia Tech","09/03/11","27","Appalachian St.","66","13","Home"
"742","Virginia Tech","09/10/11","196","East Carolina","17","10","Away"
"742","Virginia Tech","09/17/11","30","Arkansas St.","26","7","Home"
"742","Virginia Tech","09/24/11","388","Marshall","30","10","Away"
"742","Virginia Tech","10/01/11","147","Clemson","3","23","Home"
"742","Virginia Tech","10/08/11","415","Miami (FL)","38","35","Home"
"742","Virginia Tech","10/15/11","749","Wake Forest","38","17","Away"
"742","Virginia Tech","10/22/11","67","Boston College","30","14","Home"
"742","Virginia Tech","10/29/11","193","Duke","14","10","Away"
"742","Virginia Tech","11/10/11","255","Georgia Tech","37","26","Away"
"742","Virginia Tech","11/17/11","457","North Carolina","24","21","Home"
"742","Virginia Tech","11/26/11","746","Virginia","38","0","Away"
"746","Virginia","09/03/11","786","William & Mary","40","3","Home"
"746","Virginia","09/10/11","306","Indiana","34","31","Away"
"746","Virginia","09/17/11","457","North Carolina","17","28","Away"
"746","Virginia","09/24/11","664","Southern Miss.","24","30","Home"
"746","Virginia","10/01/11","295","Idaho","21","20","Home"
"746","Virginia","10/15/11","255","Georgia Tech","24","21","Home"
"746","Virginia","10/22/11","490","North Carolina St.","14","28","Home"
"746","Virginia","10/27/11","415","Miami (FL)","28","21","Away"
"746","Virginia","11/05/11","392","Maryland","31","13","Away"
"746","Virginia","11/12/11","193","Duke","31","21","Home"
"746","Virginia","11/19/11","234","Florida St.","14","13","Away"
"746","Virginia","11/26/11","742","Virginia Tech","0","38","Home"
"749","Wake Forest","09/01/11","688","Syracuse","29","36","Away"
"749","Wake Forest","09/10/11","490","North Carolina St.","34","27","Home"
"749","Wake Forest","09/17/11","1092","Gardner-Webb","48","5","Home"
"749","Wake Forest","10/01/11","67","Boston College","27","19","Away"
"749","Wake Forest","10/08/11","234","Florida St.","35","30","Home"
"749","Wake Forest","10/15/11","742","Virginia Tech","17","38","Home"
"749","Wake Forest","10/22/11","193","Duke","24","23","Away"
"749","Wake Forest","10/29/11","457","North Carolina","24","49","Away"
"749","Wake Forest","11/05/11","513","Notre Dame","17","24","Home"
"749","Wake Forest","11/12/11","147","Clemson","28","31","Away"
"749","Wake Forest","11/19/11","392","Maryland","31","10","Home"
"749","Wake Forest","11/26/11","736","Vanderbilt","7","41","Home"
"754","Washington St.","09/03/11","294","Idaho St.","64","21","Home"
"754","Washington St.","09/10/11","465","UNLV","59","7","Home"
"754","Washington St.","09/17/11","626","San Diego St.","24","42","Away"
"754","Washington St.","10/01/11","157","Colorado","31","27","Away"
"754","Washington St.","10/08/11","110","UCLA","25","28","Away"
"754","Washington St.","10/15/11","674","Stanford","14","44","Home"
"754","Washington St.","10/22/11","528","Oregon St.","21","44","Home"
"754","Washington St.","10/29/11","529","Oregon","28","43","Away"
"754","Washington St.","11/05/11","107","California","7","30","Away"
"754","Washington St.","11/12/11","28","Arizona St.","37","27","Home"
"754","Washington St.","11/19/11","732","Utah","27","30","Home"
"754","Washington St.","11/26/11","756","Washington","21","38","Away"
"756","Washington","09/03/11","207","Eastern Wash.","30","27","Home"
"756","Washington","09/10/11","277","Hawaii","40","32","Home"
"756","Washington","09/17/11","463","Nebraska","38","51","Away"
"756","Washington","09/24/11","107","California","31","23","Home"
"756","Washington","10/01/11","732","Utah","31","14","Away"
"756","Washington","10/15/11","157","Colorado","52","24","Home"
"756","Washington","10/22/11","674","Stanford","21","65","Away"
"756","Washington","10/29/11","29","Arizona","42","31","Home"
"756","Washington","11/05/11","529","Oregon","17","34","Home"
"756","Washington","11/12/11","657","Southern California","17","40","Away"
"756","Washington","11/19/11","528","Oregon St.","21","38","Away"
"756","Washington","11/26/11","754","Washington St.","38","21","Home"
"768","West Virginia","09/04/11","388","Marshall","34","13","Home"
"768","West Virginia","09/10/11","485","Norfolk St.","55","12","Home"
"768","West Virginia","09/17/11","392","Maryland","37","31","Away"
"768","West Virginia","09/24/11","365","LSU","21","47","Home"
"768","West Virginia","10/01/11","71","Bowling Green","55","10","Home"
"768","West Virginia","10/08/11","164","Connecticut","43","16","Home"
"768","West Virginia","10/21/11","688","Syracuse","23","49","Away"
"768","West Virginia","10/29/11","587","Rutgers","41","31","Away"
"768","West Virginia","11/05/11","367","Louisville","35","38","Home"
"768","West Virginia","11/12/11","140","Cincinnati","24","21","Away"
"768","West Virginia","11/25/11","545","Pittsburgh","21","20","Home"
"768","West Virginia","12/01/11","651","South Fla.","","","Away"
"772","Western Ky.","09/01/11","334","Kentucky","3","14","Neutral Site"
"772","Western Ky.","09/10/11","726","Navy","14","40","Home"
"772","Western Ky.","09/17/11","305","Indiana St.","16","44","Home"
"772","Western Ky.","10/01/11","30","Arkansas St.","22","26","Home"
"772","Western Ky.","10/06/11","419","Middle Tenn.","36","33","Away"
"772","Western Ky.","10/15/11","229","Fla. Atlantic","20","0","Away"
"772","Western Ky.","10/22/11","671","La.-Lafayette","42","23","Home"
"772","Western Ky.","10/29/11","498","La.-Monroe","31","28","Away"
"772","Western Ky.","11/05/11","231","FIU","10","9","Home"
"772","Western Ky.","11/12/11","365","LSU","9","42","Away"
"772","Western Ky.","11/19/11","497","North Texas","31","21","Away"
"772","Western Ky.","11/26/11","716","Troy","41","18","Home"
"774","Western Mich.","09/03/11","418","Michigan","10","34","Away"
"774","Western Mich.","09/10/11","483","Nicholls St.","38","7","Home"
"774","Western Mich.","09/17/11","129","Central Mich.","44","14","Home"
"774","Western Mich.","09/24/11","301","Illinois","20","23","Away"
"774","Western Mich.","10/01/11","164","Connecticut","38","31","Away"
"774","Western Mich.","10/08/11","71","Bowling Green","45","21","Home"
"774","Western Mich.","10/15/11","503","Northern Ill.","22","51","Away"
"774","Western Mich.","10/22/11","204","Eastern Mich.","10","14","Away"
"774","Western Mich.","10/29/11","47","Ball St.","45","35","Home"
"774","Western Mich.","11/08/11","709","Toledo","63","66","Away"
"774","Western Mich.","11/16/11","414","Miami (OH)","24","21","Away"
"774","Western Mich.","11/25/11","5","Akron","68","19","Home"
"796","Wisconsin","09/01/11","465","UNLV","51","17","Home"
"796","Wisconsin","09/10/11","528","Oregon St.","35","0","Home"
"796","Wisconsin","09/17/11","503","Northern Ill.","49","7","Neutral Site"
"796","Wisconsin","09/24/11","650","South Dakota","59","10","Home"
"796","Wisconsin","10/01/11","463","Nebraska","48","17","Home"
"796","Wisconsin","10/15/11","306","Indiana","59","7","Home"
"796","Wisconsin","10/22/11","416","Michigan St.","31","37","Away"
"796","Wisconsin","10/29/11","518","Ohio St.","29","33","Away"
"796","Wisconsin","11/05/11","559","Purdue","62","17","Home"
"796","Wisconsin","11/12/11","428","Minnesota","42","13","Away"
"796","Wisconsin","11/19/11","301","Illinois","28","17","Away"
"796","Wisconsin","11/26/11","539","Penn St.","45","7","Home"
"811","Wyoming","09/03/11","758","Weber St.","35","32","Home"
"811","Wyoming","09/10/11","670","Texas St.","45","10","Home"
"811","Wyoming","09/17/11","71","Bowling Green","28","27","Away"
"811","Wyoming","09/24/11","463","Nebraska","14","38","Home"
"811","Wyoming","10/08/11","731","Utah St.","19","63","Away"
"811","Wyoming","10/15/11","465","UNLV","41","14","Home"
"811","Wyoming","10/29/11","626","San Diego St.","30","27","Away"
"811","Wyoming","11/05/11","698","TCU","20","31","Home"
"811","Wyoming","11/12/11","721","Air Force","25","17","Away"
"811","Wyoming","11/19/11","473","New Mexico","31","10","Home"
"811","Wyoming","11/26/11","66","Boise St.","14","36","Away"
"811","Wyoming","12/03/11","156","Colorado St.","","","Away"
